-- phpMyAdmin SQL Dump
-- version 5.2.1
-- https://www.phpmyadmin.net/
--
-- Máy chủ: 127.0.0.1
-- Thời gian đã tạo: Th3 26, 2025 lúc 04:43 PM
-- Phiên bản máy phục vụ: 10.4.32-MariaDB
-- Phiên bản PHP: 8.2.12

SET SQL_MODE = "NO_AUTO_VALUE_ON_ZERO";
START TRANSACTION;
SET time_zone = "+00:00";


/*!40101 SET @OLD_CHARACTER_SET_CLIENT=@@CHARACTER_SET_CLIENT */;
/*!40101 SET @OLD_CHARACTER_SET_RESULTS=@@CHARACTER_SET_RESULTS */;
/*!40101 SET @OLD_COLLATION_CONNECTION=@@COLLATION_CONNECTION */;
/*!40101 SET NAMES utf8mb4 */;

--
-- Cơ sở dữ liệu: `la_news`
--

-- --------------------------------------------------------

--
-- Cấu trúc bảng cho bảng `cache`
--

CREATE TABLE `cache` (
  `key` varchar(255) NOT NULL,
  `value` mediumtext NOT NULL,
  `expiration` int(11) NOT NULL
) ENGINE=InnoDB DEFAULT CHARSET=utf8mb4 COLLATE=utf8mb4_unicode_ci;

-- --------------------------------------------------------

--
-- Cấu trúc bảng cho bảng `cache_locks`
--

CREATE TABLE `cache_locks` (
  `key` varchar(255) NOT NULL,
  `owner` varchar(255) NOT NULL,
  `expiration` int(11) NOT NULL
) ENGINE=InnoDB DEFAULT CHARSET=utf8mb4 COLLATE=utf8mb4_unicode_ci;

-- --------------------------------------------------------

--
-- Cấu trúc bảng cho bảng `dienthoai`
--

CREATE TABLE `dienthoai` (
  `id` bigint(20) UNSIGNED NOT NULL,
  `tenDT` varchar(30) NOT NULL,
  `ngayCapNhat` datetime DEFAULT NULL,
  `gia` double NOT NULL DEFAULT 0,
  `urlHinh` varchar(200) DEFAULT NULL,
  `soLuongTonKho` int(11) NOT NULL DEFAULT 0,
  `hot` tinyint(1) NOT NULL DEFAULT 0,
  `anhien` tinyint(1) NOT NULL DEFAULT 1,
  `created_at` timestamp NULL DEFAULT NULL,
  `updated_at` timestamp NULL DEFAULT NULL,
  `baiViet` text DEFAULT NULL,
  `ghiChu` varchar(500) DEFAULT NULL,
  `idLoai` bigint(20) UNSIGNED NOT NULL
) ENGINE=InnoDB DEFAULT CHARSET=utf8mb4 COLLATE=utf8mb4_unicode_ci;

--
-- Đang đổ dữ liệu cho bảng `dienthoai`
--

INSERT INTO `dienthoai` (`id`, `tenDT`, `ngayCapNhat`, `gia`, `urlHinh`, `soLuongTonKho`, `hot`, `anhien`, `created_at`, `updated_at`, `baiViet`, `ghiChu`, `idLoai`) VALUES
(1, 'iPhone xs Max', '2025-03-26 15:39:35', 41553, NULL, 74675, 1, 1, '2025-03-26 08:39:35', '2025-03-26 08:39:35', NULL, NULL, 3),
(2, 'Oppo XA', '2025-03-26 15:39:35', 29443, NULL, 51710, 0, 1, '2025-03-26 08:39:35', '2025-03-26 08:39:35', NULL, NULL, 1),
(3, 'Nokia Pro', '2025-03-26 15:39:35', 36087, NULL, 50170, 1, 1, '2025-03-26 08:39:35', '2025-03-26 08:39:35', NULL, NULL, 1),
(4, 'Oppo XA', '2025-03-26 15:39:35', 47000, NULL, 19685, 1, 1, '2025-03-26 08:39:35', '2025-03-26 08:39:35', NULL, NULL, 2),
(5, 'Nokia Pro', '2025-03-26 15:39:35', 41072, NULL, 94449, 0, 1, '2025-03-26 08:39:35', '2025-03-26 08:39:35', NULL, NULL, 3),
(6, 'Nokia Pro', '2025-03-26 15:39:35', 25461, NULL, 40743, 1, 1, '2025-03-26 08:39:35', '2025-03-26 08:39:35', NULL, NULL, 5),
(7, 'iPhone xs Max', '2025-03-26 15:39:35', 28863, NULL, 34997, 1, 1, '2025-03-26 08:39:35', '2025-03-26 08:39:35', NULL, NULL, 6),
(8, 'iPhone xs Max', '2025-03-26 15:39:35', 27806, NULL, 55146, 1, 1, '2025-03-26 08:39:35', '2025-03-26 08:39:35', NULL, NULL, 4),
(9, 'Oppo XA', '2025-03-26 15:39:35', 29277, NULL, 97328, 1, 1, '2025-03-26 08:39:35', '2025-03-26 08:39:35', NULL, NULL, 3),
(10, 'Oppo XA', '2025-03-26 15:39:35', 36589, NULL, 43494, 0, 1, '2025-03-26 08:39:35', '2025-03-26 08:39:35', NULL, NULL, 4),
(11, 'Nokia Pro', '2025-03-26 15:39:35', 30115, NULL, 75375, 1, 1, '2025-03-26 08:39:35', '2025-03-26 08:39:35', NULL, NULL, 4),
(12, 'Nokia Pro', '2025-03-26 15:39:35', 25712, NULL, 53853, 0, 1, '2025-03-26 08:39:35', '2025-03-26 08:39:35', NULL, NULL, 2),
(13, 'Oppo XA', '2025-03-26 15:39:35', 35578, NULL, 47047, 1, 1, '2025-03-26 08:39:35', '2025-03-26 08:39:35', NULL, NULL, 2),
(14, 'Oppo XA', '2025-03-26 15:39:35', 33451, NULL, 92010, 1, 1, '2025-03-26 08:39:35', '2025-03-26 08:39:35', NULL, NULL, 6),
(15, 'Oppo XA', '2025-03-26 15:39:35', 39861, NULL, 95095, 1, 1, '2025-03-26 08:39:35', '2025-03-26 08:39:35', NULL, NULL, 6),
(16, 'Oppo XA', '2025-03-26 15:39:35', 34003, NULL, 79759, 0, 1, '2025-03-26 08:39:35', '2025-03-26 08:39:35', NULL, NULL, 4),
(17, 'Nokia Pro', '2025-03-26 15:39:35', 28213, NULL, 38724, 1, 1, '2025-03-26 08:39:35', '2025-03-26 08:39:35', NULL, NULL, 6),
(18, 'iPhone xs Max', '2025-03-26 15:39:35', 34731, NULL, 78215, 0, 1, '2025-03-26 08:39:35', '2025-03-26 08:39:35', NULL, NULL, 3),
(19, 'Oppo XA', '2025-03-26 15:39:35', 31807, NULL, 17311, 0, 1, '2025-03-26 08:39:35', '2025-03-26 08:39:35', NULL, NULL, 5),
(20, 'Nokia Pro', '2025-03-26 15:39:35', 47940, NULL, 81510, 1, 1, '2025-03-26 08:39:35', '2025-03-26 08:39:35', NULL, NULL, 5),
(21, 'Oppo XA', '2025-03-26 15:39:35', 49328, NULL, 67100, 1, 1, '2025-03-26 08:39:35', '2025-03-26 08:39:35', NULL, NULL, 5),
(22, 'Oppo XA', '2025-03-26 15:39:35', 26354, NULL, 95681, 0, 1, '2025-03-26 08:39:35', '2025-03-26 08:39:35', NULL, NULL, 3),
(23, 'iPhone xs Max', '2025-03-26 15:39:35', 44504, NULL, 16170, 1, 1, '2025-03-26 08:39:35', '2025-03-26 08:39:35', NULL, NULL, 6),
(24, 'Nokia Pro', '2025-03-26 15:39:35', 41295, NULL, 16885, 1, 1, '2025-03-26 08:39:35', '2025-03-26 08:39:35', NULL, NULL, 3),
(25, 'iPhone xs Max', '2025-03-26 15:39:35', 45286, NULL, 89995, 0, 1, '2025-03-26 08:39:35', '2025-03-26 08:39:35', NULL, NULL, 2),
(26, 'iPhone xs Max', '2025-03-26 15:39:35', 27199, NULL, 58121, 1, 1, '2025-03-26 08:39:35', '2025-03-26 08:39:35', NULL, NULL, 4),
(27, 'iPhone xs Max', '2025-03-26 15:39:35', 41270, NULL, 18283, 0, 1, '2025-03-26 08:39:35', '2025-03-26 08:39:35', NULL, NULL, 4),
(28, 'Oppo XA', '2025-03-26 15:39:35', 47267, NULL, 53548, 1, 1, '2025-03-26 08:39:35', '2025-03-26 08:39:35', NULL, NULL, 3),
(29, 'Nokia Pro', '2025-03-26 15:39:35', 49970, NULL, 23696, 0, 1, '2025-03-26 08:39:35', '2025-03-26 08:39:35', NULL, NULL, 4),
(30, 'Nokia Pro', '2025-03-26 15:39:35', 28014, NULL, 46093, 0, 1, '2025-03-26 08:39:35', '2025-03-26 08:39:35', NULL, NULL, 4),
(31, 'Nokia Pro', '2025-03-26 15:39:35', 35001, NULL, 11255, 1, 1, '2025-03-26 08:39:35', '2025-03-26 08:39:35', NULL, NULL, 6),
(32, 'Oppo XA', '2025-03-26 15:39:35', 34922, NULL, 26099, 1, 1, '2025-03-26 08:39:35', '2025-03-26 08:39:35', NULL, NULL, 6),
(33, 'Oppo XA', '2025-03-26 15:39:35', 46166, NULL, 34149, 0, 1, '2025-03-26 08:39:35', '2025-03-26 08:39:35', NULL, NULL, 4),
(34, 'Oppo XA', '2025-03-26 15:39:35', 41898, NULL, 95988, 1, 1, '2025-03-26 08:39:35', '2025-03-26 08:39:35', NULL, NULL, 6),
(35, 'Oppo XA', '2025-03-26 15:39:35', 34204, NULL, 22424, 0, 1, '2025-03-26 08:39:35', '2025-03-26 08:39:35', NULL, NULL, 2),
(36, 'iPhone xs Max', '2025-03-26 15:39:35', 27163, NULL, 77320, 1, 1, '2025-03-26 08:39:35', '2025-03-26 08:39:35', NULL, NULL, 6),
(37, 'Nokia Pro', '2025-03-26 15:39:35', 28750, NULL, 11035, 1, 1, '2025-03-26 08:39:35', '2025-03-26 08:39:35', NULL, NULL, 4),
(38, 'Oppo XA', '2025-03-26 15:39:35', 26212, NULL, 72445, 0, 1, '2025-03-26 08:39:35', '2025-03-26 08:39:35', NULL, NULL, 2),
(39, 'Nokia Pro', '2025-03-26 15:39:35', 37189, NULL, 71621, 1, 1, '2025-03-26 08:39:35', '2025-03-26 08:39:35', NULL, NULL, 1),
(40, 'iPhone xs Max', '2025-03-26 15:39:35', 40801, NULL, 23399, 0, 1, '2025-03-26 08:39:35', '2025-03-26 08:39:35', NULL, NULL, 5),
(41, 'iPhone xs Max', '2025-03-26 15:39:35', 48309, NULL, 15377, 1, 1, '2025-03-26 08:39:35', '2025-03-26 08:39:35', NULL, NULL, 1),
(42, 'Oppo XA', '2025-03-26 15:39:35', 27026, NULL, 54374, 1, 1, '2025-03-26 08:39:35', '2025-03-26 08:39:35', NULL, NULL, 2),
(43, 'Oppo XA', '2025-03-26 15:39:35', 44648, NULL, 62579, 1, 1, '2025-03-26 08:39:35', '2025-03-26 08:39:35', NULL, NULL, 3),
(44, 'iPhone xs Max', '2025-03-26 15:39:35', 28375, NULL, 16575, 0, 1, '2025-03-26 08:39:35', '2025-03-26 08:39:35', NULL, NULL, 6),
(45, 'iPhone xs Max', '2025-03-26 15:39:35', 47310, NULL, 80416, 0, 1, '2025-03-26 08:39:35', '2025-03-26 08:39:35', NULL, NULL, 3),
(46, 'Oppo XA', '2025-03-26 15:39:35', 35786, NULL, 41086, 1, 1, '2025-03-26 08:39:35', '2025-03-26 08:39:35', NULL, NULL, 1),
(47, 'iPhone xs Max', '2025-03-26 15:39:35', 35060, NULL, 89553, 0, 1, '2025-03-26 08:39:35', '2025-03-26 08:39:35', NULL, NULL, 1),
(48, 'Nokia Pro', '2025-03-26 15:39:35', 47181, NULL, 62655, 1, 1, '2025-03-26 08:39:35', '2025-03-26 08:39:35', NULL, NULL, 1),
(49, 'Oppo XA', '2025-03-26 15:39:35', 48480, NULL, 13680, 1, 1, '2025-03-26 08:39:35', '2025-03-26 08:39:35', NULL, NULL, 3),
(50, 'Nokia Pro', '2025-03-26 15:39:35', 26880, NULL, 62656, 1, 1, '2025-03-26 08:39:35', '2025-03-26 08:39:35', NULL, NULL, 2),
(51, 'Nokia Pro', '2025-03-26 15:39:35', 49226, NULL, 20069, 0, 1, '2025-03-26 08:39:35', '2025-03-26 08:39:35', NULL, NULL, 3),
(52, 'Nokia Pro', '2025-03-26 15:39:35', 29302, NULL, 52286, 0, 1, '2025-03-26 08:39:35', '2025-03-26 08:39:35', NULL, NULL, 3),
(53, 'Nokia Pro', '2025-03-26 15:39:35', 35213, NULL, 20852, 1, 1, '2025-03-26 08:39:35', '2025-03-26 08:39:35', NULL, NULL, 5),
(54, 'Oppo XA', '2025-03-26 15:39:35', 45261, NULL, 63714, 1, 1, '2025-03-26 08:39:35', '2025-03-26 08:39:35', NULL, NULL, 4),
(55, 'Oppo XA', '2025-03-26 15:39:35', 25283, NULL, 76403, 0, 1, '2025-03-26 08:39:35', '2025-03-26 08:39:35', NULL, NULL, 2),
(56, 'Oppo XA', '2025-03-26 15:39:35', 42635, NULL, 26749, 0, 1, '2025-03-26 08:39:35', '2025-03-26 08:39:35', NULL, NULL, 2),
(57, 'iPhone xs Max', '2025-03-26 15:39:35', 30956, NULL, 11539, 0, 1, '2025-03-26 08:39:35', '2025-03-26 08:39:35', NULL, NULL, 5),
(58, 'Nokia Pro', '2025-03-26 15:39:35', 42054, NULL, 73971, 0, 1, '2025-03-26 08:39:35', '2025-03-26 08:39:35', NULL, NULL, 4),
(59, 'Nokia Pro', '2025-03-26 15:39:35', 42465, NULL, 95115, 1, 1, '2025-03-26 08:39:35', '2025-03-26 08:39:35', NULL, NULL, 5),
(60, 'Oppo XA', '2025-03-26 15:39:35', 37042, NULL, 50712, 0, 1, '2025-03-26 08:39:35', '2025-03-26 08:39:35', NULL, NULL, 1),
(61, 'iPhone xs Max', '2025-03-26 15:39:35', 26007, NULL, 13002, 1, 1, '2025-03-26 08:39:35', '2025-03-26 08:39:35', NULL, NULL, 2),
(62, 'Nokia Pro', '2025-03-26 15:39:35', 31695, NULL, 84753, 1, 1, '2025-03-26 08:39:35', '2025-03-26 08:39:35', NULL, NULL, 6),
(63, 'Nokia Pro', '2025-03-26 15:39:35', 32578, NULL, 23105, 0, 1, '2025-03-26 08:39:35', '2025-03-26 08:39:35', NULL, NULL, 3),
(64, 'Nokia Pro', '2025-03-26 15:39:35', 38746, NULL, 16089, 0, 1, '2025-03-26 08:39:35', '2025-03-26 08:39:35', NULL, NULL, 5),
(65, 'Nokia Pro', '2025-03-26 15:39:35', 34864, NULL, 75856, 1, 1, '2025-03-26 08:39:35', '2025-03-26 08:39:35', NULL, NULL, 2),
(66, 'Nokia Pro', '2025-03-26 15:39:35', 35488, NULL, 83817, 1, 1, '2025-03-26 08:39:35', '2025-03-26 08:39:35', NULL, NULL, 5),
(67, 'Nokia Pro', '2025-03-26 15:39:35', 43949, NULL, 72167, 1, 1, '2025-03-26 08:39:35', '2025-03-26 08:39:35', NULL, NULL, 1),
(68, 'Oppo XA', '2025-03-26 15:39:35', 42006, NULL, 40691, 1, 1, '2025-03-26 08:39:35', '2025-03-26 08:39:35', NULL, NULL, 1),
(69, 'Oppo XA', '2025-03-26 15:39:35', 48755, NULL, 54199, 1, 1, '2025-03-26 08:39:35', '2025-03-26 08:39:35', NULL, NULL, 1),
(70, 'Nokia Pro', '2025-03-26 15:39:35', 42127, NULL, 66020, 0, 1, '2025-03-26 08:39:35', '2025-03-26 08:39:35', NULL, NULL, 5),
(71, 'iPhone xs Max', '2025-03-26 15:39:35', 34408, NULL, 77039, 0, 1, '2025-03-26 08:39:35', '2025-03-26 08:39:35', NULL, NULL, 6),
(72, 'Oppo XA', '2025-03-26 15:39:35', 36467, NULL, 76242, 0, 1, '2025-03-26 08:39:35', '2025-03-26 08:39:35', NULL, NULL, 1),
(73, 'Oppo XA', '2025-03-26 15:39:35', 46445, NULL, 39231, 0, 1, '2025-03-26 08:39:35', '2025-03-26 08:39:35', NULL, NULL, 1),
(74, 'Oppo XA', '2025-03-26 15:39:35', 48510, NULL, 49984, 1, 1, '2025-03-26 08:39:35', '2025-03-26 08:39:35', NULL, NULL, 5),
(75, 'Nokia Pro', '2025-03-26 15:39:35', 42505, NULL, 21493, 1, 1, '2025-03-26 08:39:35', '2025-03-26 08:39:35', NULL, NULL, 5),
(76, 'Nokia Pro', '2025-03-26 15:39:35', 27203, NULL, 64000, 0, 1, '2025-03-26 08:39:35', '2025-03-26 08:39:35', NULL, NULL, 6),
(77, 'Nokia Pro', '2025-03-26 15:39:35', 47149, NULL, 89490, 0, 1, '2025-03-26 08:39:35', '2025-03-26 08:39:35', NULL, NULL, 3),
(78, 'Oppo XA', '2025-03-26 15:39:35', 30237, NULL, 36514, 1, 1, '2025-03-26 08:39:35', '2025-03-26 08:39:35', NULL, NULL, 3),
(79, 'Oppo XA', '2025-03-26 15:39:35', 43799, NULL, 82976, 0, 1, '2025-03-26 08:39:35', '2025-03-26 08:39:35', NULL, NULL, 1),
(80, 'Oppo XA', '2025-03-26 15:39:35', 41521, NULL, 40083, 1, 1, '2025-03-26 08:39:35', '2025-03-26 08:39:35', NULL, NULL, 4),
(81, 'Nokia Pro', '2025-03-26 15:39:35', 42761, NULL, 82857, 1, 1, '2025-03-26 08:39:35', '2025-03-26 08:39:35', NULL, NULL, 6),
(82, 'Oppo XA', '2025-03-26 15:39:35', 30332, NULL, 81781, 0, 1, '2025-03-26 08:39:35', '2025-03-26 08:39:35', NULL, NULL, 1),
(83, 'iPhone xs Max', '2025-03-26 15:39:35', 36523, NULL, 44590, 0, 1, '2025-03-26 08:39:35', '2025-03-26 08:39:35', NULL, NULL, 3),
(84, 'Nokia Pro', '2025-03-26 15:39:35', 28959, NULL, 49759, 1, 1, '2025-03-26 08:39:35', '2025-03-26 08:39:35', NULL, NULL, 4),
(85, 'Nokia Pro', '2025-03-26 15:39:35', 34020, NULL, 51262, 0, 1, '2025-03-26 08:39:35', '2025-03-26 08:39:35', NULL, NULL, 4),
(86, 'Nokia Pro', '2025-03-26 15:39:35', 39593, NULL, 84577, 1, 1, '2025-03-26 08:39:35', '2025-03-26 08:39:35', NULL, NULL, 6),
(87, 'iPhone xs Max', '2025-03-26 15:39:35', 28821, NULL, 33003, 1, 1, '2025-03-26 08:39:35', '2025-03-26 08:39:35', NULL, NULL, 5),
(88, 'Nokia Pro', '2025-03-26 15:39:35', 37069, NULL, 90595, 1, 1, '2025-03-26 08:39:35', '2025-03-26 08:39:35', NULL, NULL, 4),
(89, 'Nokia Pro', '2025-03-26 15:39:35', 46950, NULL, 49248, 0, 1, '2025-03-26 08:39:35', '2025-03-26 08:39:35', NULL, NULL, 6),
(90, 'Nokia Pro', '2025-03-26 15:39:35', 28912, NULL, 82224, 0, 1, '2025-03-26 08:39:35', '2025-03-26 08:39:35', NULL, NULL, 3),
(91, 'iPhone xs Max', '2025-03-26 15:39:35', 36088, NULL, 68796, 1, 1, '2025-03-26 08:39:35', '2025-03-26 08:39:35', NULL, NULL, 1),
(92, 'iPhone xs Max', '2025-03-26 15:39:35', 33463, NULL, 60998, 0, 1, '2025-03-26 08:39:35', '2025-03-26 08:39:35', NULL, NULL, 6),
(93, 'Oppo XA', '2025-03-26 15:39:35', 34639, NULL, 48366, 1, 1, '2025-03-26 08:39:35', '2025-03-26 08:39:35', NULL, NULL, 5),
(94, 'iPhone xs Max', '2025-03-26 15:39:35', 32752, NULL, 42085, 1, 1, '2025-03-26 08:39:35', '2025-03-26 08:39:35', NULL, NULL, 1),
(95, 'iPhone xs Max', '2025-03-26 15:39:35', 45288, NULL, 64892, 0, 1, '2025-03-26 08:39:35', '2025-03-26 08:39:35', NULL, NULL, 4),
(96, 'Oppo XA', '2025-03-26 15:39:35', 43185, NULL, 81979, 1, 1, '2025-03-26 08:39:35', '2025-03-26 08:39:35', NULL, NULL, 6),
(97, 'iPhone xs Max', '2025-03-26 15:39:35', 36359, NULL, 43885, 0, 1, '2025-03-26 08:39:35', '2025-03-26 08:39:35', NULL, NULL, 5),
(98, 'iPhone xs Max', '2025-03-26 15:39:35', 31125, NULL, 56640, 0, 1, '2025-03-26 08:39:35', '2025-03-26 08:39:35', NULL, NULL, 1),
(99, 'Nokia Pro', '2025-03-26 15:39:35', 41705, NULL, 74990, 0, 1, '2025-03-26 08:39:35', '2025-03-26 08:39:35', NULL, NULL, 3),
(100, 'Nokia Pro', '2025-03-26 15:39:35', 47218, NULL, 34015, 0, 1, '2025-03-26 08:39:35', '2025-03-26 08:39:35', NULL, NULL, 5),
(101, 'iPhone xs Max', '2025-03-26 15:39:35', 26039, NULL, 38137, 1, 1, '2025-03-26 08:39:35', '2025-03-26 08:39:35', NULL, NULL, 3),
(102, 'Nokia Pro', '2025-03-26 15:39:35', 27482, NULL, 34180, 0, 1, '2025-03-26 08:39:35', '2025-03-26 08:39:35', NULL, NULL, 3),
(103, 'iPhone xs Max', '2025-03-26 15:39:35', 45545, NULL, 34900, 0, 1, '2025-03-26 08:39:35', '2025-03-26 08:39:35', NULL, NULL, 2),
(104, 'Oppo XA', '2025-03-26 15:39:35', 42909, NULL, 57210, 1, 1, '2025-03-26 08:39:35', '2025-03-26 08:39:35', NULL, NULL, 4),
(105, 'Oppo XA', '2025-03-26 15:39:35', 31749, NULL, 16623, 0, 1, '2025-03-26 08:39:35', '2025-03-26 08:39:35', NULL, NULL, 2),
(106, 'Oppo XA', '2025-03-26 15:39:35', 46824, NULL, 44678, 1, 1, '2025-03-26 08:39:35', '2025-03-26 08:39:35', NULL, NULL, 4),
(107, 'Oppo XA', '2025-03-26 15:39:35', 39819, NULL, 51791, 0, 1, '2025-03-26 08:39:35', '2025-03-26 08:39:35', NULL, NULL, 1),
(108, 'Nokia Pro', '2025-03-26 15:39:35', 49346, NULL, 51189, 0, 1, '2025-03-26 08:39:35', '2025-03-26 08:39:35', NULL, NULL, 6),
(109, 'Nokia Pro', '2025-03-26 15:39:35', 41433, NULL, 32487, 1, 1, '2025-03-26 08:39:35', '2025-03-26 08:39:35', NULL, NULL, 2),
(110, 'Oppo XA', '2025-03-26 15:39:35', 44158, NULL, 46473, 1, 1, '2025-03-26 08:39:35', '2025-03-26 08:39:35', NULL, NULL, 4),
(111, 'Nokia Pro', '2025-03-26 15:39:35', 40334, NULL, 95196, 1, 1, '2025-03-26 08:39:35', '2025-03-26 08:39:35', NULL, NULL, 1),
(112, 'iPhone xs Max', '2025-03-26 15:39:35', 45386, NULL, 37216, 0, 1, '2025-03-26 08:39:35', '2025-03-26 08:39:35', NULL, NULL, 2),
(113, 'Oppo XA', '2025-03-26 15:39:35', 28378, NULL, 27081, 1, 1, '2025-03-26 08:39:35', '2025-03-26 08:39:35', NULL, NULL, 1),
(114, 'Nokia Pro', '2025-03-26 15:39:35', 34330, NULL, 51622, 1, 1, '2025-03-26 08:39:35', '2025-03-26 08:39:35', NULL, NULL, 3),
(115, 'Oppo XA', '2025-03-26 15:39:35', 30182, NULL, 31891, 0, 1, '2025-03-26 08:39:35', '2025-03-26 08:39:35', NULL, NULL, 6),
(116, 'iPhone xs Max', '2025-03-26 15:39:35', 41910, NULL, 50335, 0, 1, '2025-03-26 08:39:35', '2025-03-26 08:39:35', NULL, NULL, 1),
(117, 'iPhone xs Max', '2025-03-26 15:39:35', 34076, NULL, 18593, 1, 1, '2025-03-26 08:39:35', '2025-03-26 08:39:35', NULL, NULL, 2),
(118, 'Nokia Pro', '2025-03-26 15:39:35', 46654, NULL, 50969, 1, 1, '2025-03-26 08:39:35', '2025-03-26 08:39:35', NULL, NULL, 6),
(119, 'Nokia Pro', '2025-03-26 15:39:35', 40104, NULL, 77306, 0, 1, '2025-03-26 08:39:35', '2025-03-26 08:39:35', NULL, NULL, 3),
(120, 'iPhone xs Max', '2025-03-26 15:39:35', 25632, NULL, 27862, 0, 1, '2025-03-26 08:39:35', '2025-03-26 08:39:35', NULL, NULL, 2),
(121, 'iPhone xs Max', '2025-03-26 15:39:35', 34722, NULL, 48477, 1, 1, '2025-03-26 08:39:35', '2025-03-26 08:39:35', NULL, NULL, 1),
(122, 'Oppo XA', '2025-03-26 15:39:35', 33763, NULL, 23696, 0, 1, '2025-03-26 08:39:35', '2025-03-26 08:39:35', NULL, NULL, 6),
(123, 'Oppo XA', '2025-03-26 15:39:35', 39816, NULL, 85083, 1, 1, '2025-03-26 08:39:35', '2025-03-26 08:39:35', NULL, NULL, 1),
(124, 'iPhone xs Max', '2025-03-26 15:39:35', 45672, NULL, 50991, 0, 1, '2025-03-26 08:39:35', '2025-03-26 08:39:35', NULL, NULL, 2),
(125, 'Nokia Pro', '2025-03-26 15:39:35', 46599, NULL, 72988, 0, 1, '2025-03-26 08:39:35', '2025-03-26 08:39:35', NULL, NULL, 3),
(126, 'Nokia Pro', '2025-03-26 15:39:35', 43778, NULL, 88074, 1, 1, '2025-03-26 08:39:35', '2025-03-26 08:39:35', NULL, NULL, 6),
(127, 'Oppo XA', '2025-03-26 15:39:35', 40285, NULL, 89255, 1, 1, '2025-03-26 08:39:35', '2025-03-26 08:39:35', NULL, NULL, 1),
(128, 'Oppo XA', '2025-03-26 15:39:35', 27619, NULL, 39998, 0, 1, '2025-03-26 08:39:35', '2025-03-26 08:39:35', NULL, NULL, 4),
(129, 'iPhone xs Max', '2025-03-26 15:39:35', 37535, NULL, 27733, 0, 1, '2025-03-26 08:39:35', '2025-03-26 08:39:35', NULL, NULL, 2),
(130, 'Oppo XA', '2025-03-26 15:39:35', 44251, NULL, 12375, 1, 1, '2025-03-26 08:39:35', '2025-03-26 08:39:35', NULL, NULL, 5),
(131, 'Oppo XA', '2025-03-26 15:39:35', 29822, NULL, 66983, 0, 1, '2025-03-26 08:39:35', '2025-03-26 08:39:35', NULL, NULL, 2),
(132, 'iPhone xs Max', '2025-03-26 15:39:35', 30511, NULL, 75861, 0, 1, '2025-03-26 08:39:35', '2025-03-26 08:39:35', NULL, NULL, 5),
(133, 'Oppo XA', '2025-03-26 15:39:35', 39174, NULL, 76946, 0, 1, '2025-03-26 08:39:35', '2025-03-26 08:39:35', NULL, NULL, 4),
(134, 'Oppo XA', '2025-03-26 15:39:35', 29020, NULL, 21802, 1, 1, '2025-03-26 08:39:35', '2025-03-26 08:39:35', NULL, NULL, 1),
(135, 'Nokia Pro', '2025-03-26 15:39:35', 41584, NULL, 50818, 0, 1, '2025-03-26 08:39:35', '2025-03-26 08:39:35', NULL, NULL, 6),
(136, 'Oppo XA', '2025-03-26 15:39:35', 28429, NULL, 41354, 0, 1, '2025-03-26 08:39:35', '2025-03-26 08:39:35', NULL, NULL, 3),
(137, 'iPhone xs Max', '2025-03-26 15:39:35', 40286, NULL, 35010, 0, 1, '2025-03-26 08:39:35', '2025-03-26 08:39:35', NULL, NULL, 6),
(138, 'Nokia Pro', '2025-03-26 15:39:35', 48664, NULL, 57937, 1, 1, '2025-03-26 08:39:35', '2025-03-26 08:39:35', NULL, NULL, 2),
(139, 'Oppo XA', '2025-03-26 15:39:35', 44949, NULL, 91854, 0, 1, '2025-03-26 08:39:35', '2025-03-26 08:39:35', NULL, NULL, 3),
(140, 'Nokia Pro', '2025-03-26 15:39:35', 49468, NULL, 92693, 1, 1, '2025-03-26 08:39:35', '2025-03-26 08:39:35', NULL, NULL, 6),
(141, 'Nokia Pro', '2025-03-26 15:39:35', 36766, NULL, 88040, 1, 1, '2025-03-26 08:39:35', '2025-03-26 08:39:35', NULL, NULL, 5),
(142, 'iPhone xs Max', '2025-03-26 15:39:35', 31404, NULL, 56025, 1, 1, '2025-03-26 08:39:35', '2025-03-26 08:39:35', NULL, NULL, 1),
(143, 'iPhone xs Max', '2025-03-26 15:39:35', 30183, NULL, 99362, 0, 1, '2025-03-26 08:39:35', '2025-03-26 08:39:35', NULL, NULL, 5),
(144, 'Nokia Pro', '2025-03-26 15:39:35', 42715, NULL, 49680, 0, 1, '2025-03-26 08:39:35', '2025-03-26 08:39:35', NULL, NULL, 5),
(145, 'Oppo XA', '2025-03-26 15:39:35', 34458, NULL, 91241, 1, 1, '2025-03-26 08:39:35', '2025-03-26 08:39:35', NULL, NULL, 5),
(146, 'Oppo XA', '2025-03-26 15:39:35', 37876, NULL, 81031, 1, 1, '2025-03-26 08:39:35', '2025-03-26 08:39:35', NULL, NULL, 6),
(147, 'Nokia Pro', '2025-03-26 15:39:35', 29103, NULL, 62511, 0, 1, '2025-03-26 08:39:35', '2025-03-26 08:39:35', NULL, NULL, 4),
(148, 'Nokia Pro', '2025-03-26 15:39:35', 33727, NULL, 97796, 0, 1, '2025-03-26 08:39:35', '2025-03-26 08:39:35', NULL, NULL, 1),
(149, 'Oppo XA', '2025-03-26 15:39:35', 25029, NULL, 52088, 1, 1, '2025-03-26 08:39:35', '2025-03-26 08:39:35', NULL, NULL, 1),
(150, 'Oppo XA', '2025-03-26 15:39:35', 30729, NULL, 36703, 1, 1, '2025-03-26 08:39:35', '2025-03-26 08:39:35', NULL, NULL, 6),
(151, 'iPhone xs Max', '2025-03-26 15:39:35', 49181, NULL, 96687, 0, 1, '2025-03-26 08:39:35', '2025-03-26 08:39:35', NULL, NULL, 5),
(152, 'iPhone xs Max', '2025-03-26 15:39:35', 35799, NULL, 30225, 1, 1, '2025-03-26 08:39:35', '2025-03-26 08:39:35', NULL, NULL, 2),
(153, 'Nokia Pro', '2025-03-26 15:39:35', 45214, NULL, 65602, 0, 1, '2025-03-26 08:39:35', '2025-03-26 08:39:35', NULL, NULL, 4),
(154, 'iPhone xs Max', '2025-03-26 15:39:35', 48961, NULL, 46064, 0, 1, '2025-03-26 08:39:35', '2025-03-26 08:39:35', NULL, NULL, 4),
(155, 'iPhone xs Max', '2025-03-26 15:39:35', 48912, NULL, 78156, 0, 1, '2025-03-26 08:39:35', '2025-03-26 08:39:35', NULL, NULL, 3),
(156, 'Nokia Pro', '2025-03-26 15:39:35', 28971, NULL, 88691, 1, 1, '2025-03-26 08:39:35', '2025-03-26 08:39:35', NULL, NULL, 6),
(157, 'Nokia Pro', '2025-03-26 15:39:35', 44765, NULL, 87864, 1, 1, '2025-03-26 08:39:35', '2025-03-26 08:39:35', NULL, NULL, 5),
(158, 'Oppo XA', '2025-03-26 15:39:35', 26034, NULL, 75122, 0, 1, '2025-03-26 08:39:35', '2025-03-26 08:39:35', NULL, NULL, 2),
(159, 'iPhone xs Max', '2025-03-26 15:39:35', 26777, NULL, 93690, 1, 1, '2025-03-26 08:39:35', '2025-03-26 08:39:35', NULL, NULL, 2),
(160, 'Oppo XA', '2025-03-26 15:39:35', 47372, NULL, 10560, 1, 1, '2025-03-26 08:39:35', '2025-03-26 08:39:35', NULL, NULL, 3),
(161, 'Nokia Pro', '2025-03-26 15:39:35', 45772, NULL, 35775, 1, 1, '2025-03-26 08:39:35', '2025-03-26 08:39:35', NULL, NULL, 6),
(162, 'Nokia Pro', '2025-03-26 15:39:35', 46474, NULL, 84000, 0, 1, '2025-03-26 08:39:35', '2025-03-26 08:39:35', NULL, NULL, 4),
(163, 'Nokia Pro', '2025-03-26 15:39:35', 49550, NULL, 73095, 0, 1, '2025-03-26 08:39:35', '2025-03-26 08:39:35', NULL, NULL, 5),
(164, 'Nokia Pro', '2025-03-26 15:39:35', 34678, NULL, 50988, 0, 1, '2025-03-26 08:39:35', '2025-03-26 08:39:35', NULL, NULL, 4),
(165, 'iPhone xs Max', '2025-03-26 15:39:35', 32301, NULL, 48955, 0, 1, '2025-03-26 08:39:35', '2025-03-26 08:39:35', NULL, NULL, 5),
(166, 'iPhone xs Max', '2025-03-26 15:39:35', 35782, NULL, 64179, 0, 1, '2025-03-26 08:39:35', '2025-03-26 08:39:35', NULL, NULL, 2),
(167, 'Oppo XA', '2025-03-26 15:39:35', 49581, NULL, 49928, 0, 1, '2025-03-26 08:39:35', '2025-03-26 08:39:35', NULL, NULL, 1),
(168, 'Oppo XA', '2025-03-26 15:39:35', 33622, NULL, 50956, 0, 1, '2025-03-26 08:39:35', '2025-03-26 08:39:35', NULL, NULL, 2),
(169, 'Nokia Pro', '2025-03-26 15:39:35', 48504, NULL, 61676, 1, 1, '2025-03-26 08:39:35', '2025-03-26 08:39:35', NULL, NULL, 2),
(170, 'Nokia Pro', '2025-03-26 15:39:35', 30529, NULL, 20089, 1, 1, '2025-03-26 08:39:35', '2025-03-26 08:39:35', NULL, NULL, 4),
(171, 'iPhone xs Max', '2025-03-26 15:39:35', 47025, NULL, 60636, 1, 1, '2025-03-26 08:39:35', '2025-03-26 08:39:35', NULL, NULL, 6),
(172, 'Nokia Pro', '2025-03-26 15:39:35', 36750, NULL, 44430, 0, 1, '2025-03-26 08:39:35', '2025-03-26 08:39:35', NULL, NULL, 2),
(173, 'Nokia Pro', '2025-03-26 15:39:35', 42580, NULL, 17386, 1, 1, '2025-03-26 08:39:35', '2025-03-26 08:39:35', NULL, NULL, 3),
(174, 'iPhone xs Max', '2025-03-26 15:39:35', 35505, NULL, 63739, 1, 1, '2025-03-26 08:39:35', '2025-03-26 08:39:35', NULL, NULL, 1),
(175, 'Oppo XA', '2025-03-26 15:39:35', 34584, NULL, 98391, 0, 1, '2025-03-26 08:39:35', '2025-03-26 08:39:35', NULL, NULL, 2),
(176, 'Nokia Pro', '2025-03-26 15:39:35', 37377, NULL, 70592, 0, 1, '2025-03-26 08:39:35', '2025-03-26 08:39:35', NULL, NULL, 3),
(177, 'Nokia Pro', '2025-03-26 15:39:35', 28546, NULL, 44153, 1, 1, '2025-03-26 08:39:35', '2025-03-26 08:39:35', NULL, NULL, 1),
(178, 'Nokia Pro', '2025-03-26 15:39:35', 28271, NULL, 70658, 0, 1, '2025-03-26 08:39:35', '2025-03-26 08:39:35', NULL, NULL, 3),
(179, 'Oppo XA', '2025-03-26 15:39:35', 40414, NULL, 95364, 0, 1, '2025-03-26 08:39:35', '2025-03-26 08:39:35', NULL, NULL, 1),
(180, 'Nokia Pro', '2025-03-26 15:39:35', 29567, NULL, 11398, 1, 1, '2025-03-26 08:39:35', '2025-03-26 08:39:35', NULL, NULL, 6),
(181, 'Nokia Pro', '2025-03-26 15:39:35', 31914, NULL, 89930, 0, 1, '2025-03-26 08:39:35', '2025-03-26 08:39:35', NULL, NULL, 6),
(182, 'iPhone xs Max', '2025-03-26 15:39:35', 39726, NULL, 38210, 0, 1, '2025-03-26 08:39:35', '2025-03-26 08:39:35', NULL, NULL, 3),
(183, 'Oppo XA', '2025-03-26 15:39:35', 37943, NULL, 32699, 1, 1, '2025-03-26 08:39:35', '2025-03-26 08:39:35', NULL, NULL, 2),
(184, 'Nokia Pro', '2025-03-26 15:39:35', 45504, NULL, 85911, 1, 1, '2025-03-26 08:39:35', '2025-03-26 08:39:35', NULL, NULL, 1),
(185, 'Nokia Pro', '2025-03-26 15:39:35', 25488, NULL, 51112, 1, 1, '2025-03-26 08:39:35', '2025-03-26 08:39:35', NULL, NULL, 3),
(186, 'Nokia Pro', '2025-03-26 15:39:35', 30615, NULL, 69126, 0, 1, '2025-03-26 08:39:35', '2025-03-26 08:39:35', NULL, NULL, 1),
(187, 'Oppo XA', '2025-03-26 15:39:35', 44132, NULL, 83823, 0, 1, '2025-03-26 08:39:35', '2025-03-26 08:39:35', NULL, NULL, 3),
(188, 'Nokia Pro', '2025-03-26 15:39:35', 39017, NULL, 57321, 0, 1, '2025-03-26 08:39:35', '2025-03-26 08:39:35', NULL, NULL, 3),
(189, 'iPhone xs Max', '2025-03-26 15:39:35', 34600, NULL, 60247, 1, 1, '2025-03-26 08:39:35', '2025-03-26 08:39:35', NULL, NULL, 3),
(190, 'Oppo XA', '2025-03-26 15:39:35', 36917, NULL, 66856, 1, 1, '2025-03-26 08:39:35', '2025-03-26 08:39:35', NULL, NULL, 5),
(191, 'iPhone xs Max', '2025-03-26 15:39:35', 40784, NULL, 95048, 0, 1, '2025-03-26 08:39:35', '2025-03-26 08:39:35', NULL, NULL, 6),
(192, 'Nokia Pro', '2025-03-26 15:39:35', 30646, NULL, 41327, 0, 1, '2025-03-26 08:39:35', '2025-03-26 08:39:35', NULL, NULL, 1),
(193, 'Nokia Pro', '2025-03-26 15:39:35', 25417, NULL, 73538, 1, 1, '2025-03-26 08:39:35', '2025-03-26 08:39:35', NULL, NULL, 3),
(194, 'iPhone xs Max', '2025-03-26 15:39:35', 31785, NULL, 75366, 1, 1, '2025-03-26 08:39:35', '2025-03-26 08:39:35', NULL, NULL, 2),
(195, 'Nokia Pro', '2025-03-26 15:39:35', 47777, NULL, 16509, 1, 1, '2025-03-26 08:39:35', '2025-03-26 08:39:35', NULL, NULL, 4),
(196, 'iPhone xs Max', '2025-03-26 15:39:35', 36479, NULL, 16672, 0, 1, '2025-03-26 08:39:35', '2025-03-26 08:39:35', NULL, NULL, 6),
(197, 'iPhone xs Max', '2025-03-26 15:39:35', 39044, NULL, 48531, 1, 1, '2025-03-26 08:39:35', '2025-03-26 08:39:35', NULL, NULL, 4),
(198, 'Oppo XA', '2025-03-26 15:39:35', 32637, NULL, 74515, 0, 1, '2025-03-26 08:39:35', '2025-03-26 08:39:35', NULL, NULL, 2),
(199, 'Oppo XA', '2025-03-26 15:39:35', 37365, NULL, 59891, 1, 1, '2025-03-26 08:39:35', '2025-03-26 08:39:35', NULL, NULL, 5),
(200, 'iPhone xs Max', '2025-03-26 15:39:35', 48168, NULL, 86082, 0, 1, '2025-03-26 08:39:35', '2025-03-26 08:39:35', NULL, NULL, 3),
(201, 'Oppo XA', '2025-03-26 15:39:35', 29280, NULL, 13547, 0, 1, '2025-03-26 08:39:35', '2025-03-26 08:39:35', NULL, NULL, 3),
(202, 'Oppo XA', '2025-03-26 15:39:35', 33634, NULL, 36848, 1, 1, '2025-03-26 08:39:35', '2025-03-26 08:39:35', NULL, NULL, 3),
(203, 'Nokia Pro', '2025-03-26 15:39:35', 45490, NULL, 17933, 0, 1, '2025-03-26 08:39:35', '2025-03-26 08:39:35', NULL, NULL, 5),
(204, 'Nokia Pro', '2025-03-26 15:39:35', 38806, NULL, 88014, 1, 1, '2025-03-26 08:39:35', '2025-03-26 08:39:35', NULL, NULL, 4),
(205, 'Oppo XA', '2025-03-26 15:39:35', 47833, NULL, 20641, 0, 1, '2025-03-26 08:39:35', '2025-03-26 08:39:35', NULL, NULL, 2),
(206, 'iPhone xs Max', '2025-03-26 15:39:35', 34932, NULL, 36189, 0, 1, '2025-03-26 08:39:35', '2025-03-26 08:39:35', NULL, NULL, 6),
(207, 'iPhone xs Max', '2025-03-26 15:39:35', 31764, NULL, 95634, 1, 1, '2025-03-26 08:39:35', '2025-03-26 08:39:35', NULL, NULL, 2),
(208, 'iPhone xs Max', '2025-03-26 15:39:35', 25048, NULL, 35307, 0, 1, '2025-03-26 08:39:35', '2025-03-26 08:39:35', NULL, NULL, 6),
(209, 'Oppo XA', '2025-03-26 15:39:35', 48852, NULL, 62333, 1, 1, '2025-03-26 08:39:35', '2025-03-26 08:39:35', NULL, NULL, 5),
(210, 'iPhone xs Max', '2025-03-26 15:39:35', 31138, NULL, 55160, 1, 1, '2025-03-26 08:39:35', '2025-03-26 08:39:35', NULL, NULL, 1),
(211, 'iPhone xs Max', '2025-03-26 15:39:35', 28634, NULL, 93379, 1, 1, '2025-03-26 08:39:35', '2025-03-26 08:39:35', NULL, NULL, 5),
(212, 'iPhone xs Max', '2025-03-26 15:39:35', 44422, NULL, 35433, 0, 1, '2025-03-26 08:39:35', '2025-03-26 08:39:35', NULL, NULL, 6),
(213, 'Oppo XA', '2025-03-26 15:39:35', 41166, NULL, 53718, 1, 1, '2025-03-26 08:39:35', '2025-03-26 08:39:35', NULL, NULL, 5),
(214, 'Nokia Pro', '2025-03-26 15:39:35', 28094, NULL, 58426, 1, 1, '2025-03-26 08:39:35', '2025-03-26 08:39:35', NULL, NULL, 4),
(215, 'iPhone xs Max', '2025-03-26 15:39:35', 40630, NULL, 72507, 0, 1, '2025-03-26 08:39:35', '2025-03-26 08:39:35', NULL, NULL, 3),
(216, 'iPhone xs Max', '2025-03-26 15:39:35', 27417, NULL, 76218, 0, 1, '2025-03-26 08:39:35', '2025-03-26 08:39:35', NULL, NULL, 6),
(217, 'Oppo XA', '2025-03-26 15:39:35', 38642, NULL, 78736, 0, 1, '2025-03-26 08:39:35', '2025-03-26 08:39:35', NULL, NULL, 1),
(218, 'Oppo XA', '2025-03-26 15:39:35', 48842, NULL, 80076, 1, 1, '2025-03-26 08:39:35', '2025-03-26 08:39:35', NULL, NULL, 1),
(219, 'iPhone xs Max', '2025-03-26 15:39:35', 31652, NULL, 48759, 1, 1, '2025-03-26 08:39:35', '2025-03-26 08:39:35', NULL, NULL, 1),
(220, 'Oppo XA', '2025-03-26 15:39:35', 40978, NULL, 37225, 1, 1, '2025-03-26 08:39:35', '2025-03-26 08:39:35', NULL, NULL, 5),
(221, 'Oppo XA', '2025-03-26 15:39:35', 30847, NULL, 17400, 1, 1, '2025-03-26 08:39:35', '2025-03-26 08:39:35', NULL, NULL, 2),
(222, 'Oppo XA', '2025-03-26 15:39:35', 43014, NULL, 85381, 0, 1, '2025-03-26 08:39:35', '2025-03-26 08:39:35', NULL, NULL, 5),
(223, 'Nokia Pro', '2025-03-26 15:39:35', 32941, NULL, 96770, 1, 1, '2025-03-26 08:39:35', '2025-03-26 08:39:35', NULL, NULL, 4),
(224, 'iPhone xs Max', '2025-03-26 15:39:35', 44353, NULL, 73481, 1, 1, '2025-03-26 08:39:35', '2025-03-26 08:39:35', NULL, NULL, 2),
(225, 'Oppo XA', '2025-03-26 15:39:35', 44271, NULL, 20498, 1, 1, '2025-03-26 08:39:35', '2025-03-26 08:39:35', NULL, NULL, 5),
(226, 'iPhone xs Max', '2025-03-26 15:39:35', 29194, NULL, 72473, 0, 1, '2025-03-26 08:39:35', '2025-03-26 08:39:35', NULL, NULL, 4),
(227, 'Nokia Pro', '2025-03-26 15:39:35', 48382, NULL, 85176, 1, 1, '2025-03-26 08:39:35', '2025-03-26 08:39:35', NULL, NULL, 1),
(228, 'iPhone xs Max', '2025-03-26 15:39:35', 47245, NULL, 43367, 1, 1, '2025-03-26 08:39:35', '2025-03-26 08:39:35', NULL, NULL, 1),
(229, 'iPhone xs Max', '2025-03-26 15:39:35', 39630, NULL, 60133, 1, 1, '2025-03-26 08:39:35', '2025-03-26 08:39:35', NULL, NULL, 1),
(230, 'iPhone xs Max', '2025-03-26 15:39:35', 44742, NULL, 66268, 1, 1, '2025-03-26 08:39:35', '2025-03-26 08:39:35', NULL, NULL, 2),
(231, 'Nokia Pro', '2025-03-26 15:39:35', 41907, NULL, 83210, 0, 1, '2025-03-26 08:39:35', '2025-03-26 08:39:35', NULL, NULL, 5),
(232, 'Oppo XA', '2025-03-26 15:39:35', 33076, NULL, 66894, 1, 1, '2025-03-26 08:39:35', '2025-03-26 08:39:35', NULL, NULL, 2),
(233, 'Oppo XA', '2025-03-26 15:39:35', 43900, NULL, 74212, 1, 1, '2025-03-26 08:39:35', '2025-03-26 08:39:35', NULL, NULL, 3),
(234, 'Oppo XA', '2025-03-26 15:39:35', 26125, NULL, 35353, 0, 1, '2025-03-26 08:39:35', '2025-03-26 08:39:35', NULL, NULL, 1),
(235, 'iPhone xs Max', '2025-03-26 15:39:35', 25186, NULL, 14402, 1, 1, '2025-03-26 08:39:35', '2025-03-26 08:39:35', NULL, NULL, 3),
(236, 'iPhone xs Max', '2025-03-26 15:39:35', 34377, NULL, 87027, 0, 1, '2025-03-26 08:39:35', '2025-03-26 08:39:35', NULL, NULL, 2),
(237, 'Oppo XA', '2025-03-26 15:39:35', 44165, NULL, 18145, 1, 1, '2025-03-26 08:39:35', '2025-03-26 08:39:35', NULL, NULL, 5),
(238, 'iPhone xs Max', '2025-03-26 15:39:35', 40386, NULL, 90629, 1, 1, '2025-03-26 08:39:35', '2025-03-26 08:39:35', NULL, NULL, 1),
(239, 'Oppo XA', '2025-03-26 15:39:35', 46629, NULL, 91640, 1, 1, '2025-03-26 08:39:35', '2025-03-26 08:39:35', NULL, NULL, 6),
(240, 'iPhone xs Max', '2025-03-26 15:39:35', 47862, NULL, 28465, 0, 1, '2025-03-26 08:39:35', '2025-03-26 08:39:35', NULL, NULL, 1),
(241, 'iPhone xs Max', '2025-03-26 15:39:35', 35488, NULL, 99067, 0, 1, '2025-03-26 08:39:35', '2025-03-26 08:39:35', NULL, NULL, 1),
(242, 'iPhone xs Max', '2025-03-26 15:39:35', 28616, NULL, 71985, 1, 1, '2025-03-26 08:39:35', '2025-03-26 08:39:35', NULL, NULL, 5),
(243, 'iPhone xs Max', '2025-03-26 15:39:35', 48036, NULL, 86052, 0, 1, '2025-03-26 08:39:35', '2025-03-26 08:39:35', NULL, NULL, 6),
(244, 'iPhone xs Max', '2025-03-26 15:39:35', 35914, NULL, 44730, 1, 1, '2025-03-26 08:39:35', '2025-03-26 08:39:35', NULL, NULL, 6),
(245, 'Nokia Pro', '2025-03-26 15:39:35', 27547, NULL, 12186, 0, 1, '2025-03-26 08:39:35', '2025-03-26 08:39:35', NULL, NULL, 3),
(246, 'iPhone xs Max', '2025-03-26 15:39:35', 33148, NULL, 89087, 0, 1, '2025-03-26 08:39:35', '2025-03-26 08:39:35', NULL, NULL, 5),
(247, 'Oppo XA', '2025-03-26 15:39:35', 33833, NULL, 12397, 1, 1, '2025-03-26 08:39:35', '2025-03-26 08:39:35', NULL, NULL, 6),
(248, 'Oppo XA', '2025-03-26 15:39:35', 30399, NULL, 52814, 0, 1, '2025-03-26 08:39:35', '2025-03-26 08:39:35', NULL, NULL, 3),
(249, 'iPhone xs Max', '2025-03-26 15:39:35', 46945, NULL, 17381, 0, 1, '2025-03-26 08:39:35', '2025-03-26 08:39:35', NULL, NULL, 2),
(250, 'Oppo XA', '2025-03-26 15:39:35', 38242, NULL, 82349, 1, 1, '2025-03-26 08:39:35', '2025-03-26 08:39:35', NULL, NULL, 6),
(251, 'Oppo XA', '2025-03-26 15:39:35', 47135, NULL, 96087, 1, 1, '2025-03-26 08:39:35', '2025-03-26 08:39:35', NULL, NULL, 3),
(252, 'Nokia Pro', '2025-03-26 15:39:35', 30837, NULL, 88899, 0, 1, '2025-03-26 08:39:35', '2025-03-26 08:39:35', NULL, NULL, 5),
(253, 'Nokia Pro', '2025-03-26 15:39:35', 27614, NULL, 47233, 1, 1, '2025-03-26 08:39:35', '2025-03-26 08:39:35', NULL, NULL, 1),
(254, 'iPhone xs Max', '2025-03-26 15:39:35', 48599, NULL, 43294, 0, 1, '2025-03-26 08:39:35', '2025-03-26 08:39:35', NULL, NULL, 5),
(255, 'Oppo XA', '2025-03-26 15:39:35', 25526, NULL, 25798, 1, 1, '2025-03-26 08:39:35', '2025-03-26 08:39:35', NULL, NULL, 5),
(256, 'Nokia Pro', '2025-03-26 15:39:35', 27942, NULL, 41615, 1, 1, '2025-03-26 08:39:35', '2025-03-26 08:39:35', NULL, NULL, 4),
(257, 'Oppo XA', '2025-03-26 15:39:35', 31813, NULL, 87513, 1, 1, '2025-03-26 08:39:35', '2025-03-26 08:39:35', NULL, NULL, 4),
(258, 'Oppo XA', '2025-03-26 15:39:35', 28623, NULL, 12344, 1, 1, '2025-03-26 08:39:35', '2025-03-26 08:39:35', NULL, NULL, 1),
(259, 'Oppo XA', '2025-03-26 15:39:35', 49230, NULL, 46291, 0, 1, '2025-03-26 08:39:35', '2025-03-26 08:39:35', NULL, NULL, 4),
(260, 'Nokia Pro', '2025-03-26 15:39:35', 44530, NULL, 73068, 1, 1, '2025-03-26 08:39:35', '2025-03-26 08:39:35', NULL, NULL, 2),
(261, 'Nokia Pro', '2025-03-26 15:39:35', 33188, NULL, 96883, 1, 1, '2025-03-26 08:39:35', '2025-03-26 08:39:35', NULL, NULL, 4),
(262, 'Nokia Pro', '2025-03-26 15:39:35', 46139, NULL, 52374, 0, 1, '2025-03-26 08:39:35', '2025-03-26 08:39:35', NULL, NULL, 2),
(263, 'Nokia Pro', '2025-03-26 15:39:35', 46516, NULL, 61875, 0, 1, '2025-03-26 08:39:35', '2025-03-26 08:39:35', NULL, NULL, 5),
(264, 'Nokia Pro', '2025-03-26 15:39:35', 31554, NULL, 87857, 1, 1, '2025-03-26 08:39:35', '2025-03-26 08:39:35', NULL, NULL, 6),
(265, 'iPhone xs Max', '2025-03-26 15:39:35', 28246, NULL, 57508, 0, 1, '2025-03-26 08:39:35', '2025-03-26 08:39:35', NULL, NULL, 5),
(266, 'iPhone xs Max', '2025-03-26 15:39:35', 33172, NULL, 70492, 0, 1, '2025-03-26 08:39:35', '2025-03-26 08:39:35', NULL, NULL, 4),
(267, 'Nokia Pro', '2025-03-26 15:39:35', 39474, NULL, 16974, 1, 1, '2025-03-26 08:39:35', '2025-03-26 08:39:35', NULL, NULL, 1),
(268, 'iPhone xs Max', '2025-03-26 15:39:35', 31152, NULL, 41132, 1, 1, '2025-03-26 08:39:35', '2025-03-26 08:39:35', NULL, NULL, 2),
(269, 'Oppo XA', '2025-03-26 15:39:35', 47775, NULL, 83272, 0, 1, '2025-03-26 08:39:35', '2025-03-26 08:39:35', NULL, NULL, 3),
(270, 'iPhone xs Max', '2025-03-26 15:39:35', 35343, NULL, 11520, 1, 1, '2025-03-26 08:39:35', '2025-03-26 08:39:35', NULL, NULL, 1),
(271, 'Oppo XA', '2025-03-26 15:39:35', 39883, NULL, 95059, 0, 1, '2025-03-26 08:39:35', '2025-03-26 08:39:35', NULL, NULL, 2),
(272, 'Nokia Pro', '2025-03-26 15:39:35', 33943, NULL, 90164, 1, 1, '2025-03-26 08:39:35', '2025-03-26 08:39:35', NULL, NULL, 5),
(273, 'Nokia Pro', '2025-03-26 15:39:35', 28893, NULL, 55800, 1, 1, '2025-03-26 08:39:35', '2025-03-26 08:39:35', NULL, NULL, 4),
(274, 'iPhone xs Max', '2025-03-26 15:39:35', 39685, NULL, 39024, 1, 1, '2025-03-26 08:39:35', '2025-03-26 08:39:35', NULL, NULL, 4),
(275, 'Oppo XA', '2025-03-26 15:39:35', 32559, NULL, 46748, 1, 1, '2025-03-26 08:39:35', '2025-03-26 08:39:35', NULL, NULL, 6),
(276, 'Nokia Pro', '2025-03-26 15:39:35', 49962, NULL, 45917, 1, 1, '2025-03-26 08:39:35', '2025-03-26 08:39:35', NULL, NULL, 5),
(277, 'Nokia Pro', '2025-03-26 15:39:35', 43598, NULL, 23393, 1, 1, '2025-03-26 08:39:35', '2025-03-26 08:39:35', NULL, NULL, 4),
(278, 'Nokia Pro', '2025-03-26 15:39:35', 31278, NULL, 61586, 0, 1, '2025-03-26 08:39:35', '2025-03-26 08:39:35', NULL, NULL, 1),
(279, 'Oppo XA', '2025-03-26 15:39:35', 30396, NULL, 94385, 1, 1, '2025-03-26 08:39:35', '2025-03-26 08:39:35', NULL, NULL, 6),
(280, 'iPhone xs Max', '2025-03-26 15:39:35', 44734, NULL, 82748, 1, 1, '2025-03-26 08:39:35', '2025-03-26 08:39:35', NULL, NULL, 2),
(281, 'iPhone xs Max', '2025-03-26 15:39:35', 30608, NULL, 77086, 1, 1, '2025-03-26 08:39:35', '2025-03-26 08:39:35', NULL, NULL, 3),
(282, 'Oppo XA', '2025-03-26 15:39:35', 38286, NULL, 82373, 0, 1, '2025-03-26 08:39:35', '2025-03-26 08:39:35', NULL, NULL, 3),
(283, 'Nokia Pro', '2025-03-26 15:39:35', 37548, NULL, 60167, 0, 1, '2025-03-26 08:39:35', '2025-03-26 08:39:35', NULL, NULL, 3),
(284, 'iPhone xs Max', '2025-03-26 15:39:35', 28291, NULL, 73918, 0, 1, '2025-03-26 08:39:35', '2025-03-26 08:39:35', NULL, NULL, 1),
(285, 'Nokia Pro', '2025-03-26 15:39:35', 46147, NULL, 70501, 1, 1, '2025-03-26 08:39:35', '2025-03-26 08:39:35', NULL, NULL, 6),
(286, 'iPhone xs Max', '2025-03-26 15:39:35', 29214, NULL, 84181, 1, 1, '2025-03-26 08:39:35', '2025-03-26 08:39:35', NULL, NULL, 3),
(287, 'Oppo XA', '2025-03-26 15:39:35', 42616, NULL, 31439, 0, 1, '2025-03-26 08:39:35', '2025-03-26 08:39:35', NULL, NULL, 1),
(288, 'Oppo XA', '2025-03-26 15:39:35', 40410, NULL, 11642, 0, 1, '2025-03-26 08:39:35', '2025-03-26 08:39:35', NULL, NULL, 1),
(289, 'iPhone xs Max', '2025-03-26 15:39:35', 39646, NULL, 12770, 0, 1, '2025-03-26 08:39:35', '2025-03-26 08:39:35', NULL, NULL, 1),
(290, 'iPhone xs Max', '2025-03-26 15:39:35', 34130, NULL, 13950, 0, 1, '2025-03-26 08:39:35', '2025-03-26 08:39:35', NULL, NULL, 3),
(291, 'Oppo XA', '2025-03-26 15:39:35', 32395, NULL, 29199, 1, 1, '2025-03-26 08:39:35', '2025-03-26 08:39:35', NULL, NULL, 3),
(292, 'Oppo XA', '2025-03-26 15:39:35', 40770, NULL, 11229, 0, 1, '2025-03-26 08:39:35', '2025-03-26 08:39:35', NULL, NULL, 4),
(293, 'Nokia Pro', '2025-03-26 15:39:35', 42016, NULL, 85066, 1, 1, '2025-03-26 08:39:35', '2025-03-26 08:39:35', NULL, NULL, 2),
(294, 'Nokia Pro', '2025-03-26 15:39:35', 38040, NULL, 68854, 1, 1, '2025-03-26 08:39:35', '2025-03-26 08:39:35', NULL, NULL, 1),
(295, 'Nokia Pro', '2025-03-26 15:39:35', 27381, NULL, 53066, 1, 1, '2025-03-26 08:39:35', '2025-03-26 08:39:35', NULL, NULL, 3),
(296, 'iPhone xs Max', '2025-03-26 15:39:35', 27922, NULL, 40932, 1, 1, '2025-03-26 08:39:35', '2025-03-26 08:39:35', NULL, NULL, 5),
(297, 'iPhone xs Max', '2025-03-26 15:39:35', 45860, NULL, 80310, 0, 1, '2025-03-26 08:39:35', '2025-03-26 08:39:35', NULL, NULL, 3),
(298, 'Oppo XA', '2025-03-26 15:39:35', 37636, NULL, 91302, 1, 1, '2025-03-26 08:39:35', '2025-03-26 08:39:35', NULL, NULL, 6),
(299, 'iPhone xs Max', '2025-03-26 15:39:35', 27074, NULL, 11806, 0, 1, '2025-03-26 08:39:35', '2025-03-26 08:39:35', NULL, NULL, 5),
(300, 'iPhone xs Max', '2025-03-26 15:39:35', 48773, NULL, 88079, 0, 1, '2025-03-26 08:39:35', '2025-03-26 08:39:35', NULL, NULL, 5);

-- --------------------------------------------------------

--
-- Cấu trúc bảng cho bảng `failed_jobs`
--

CREATE TABLE `failed_jobs` (
  `id` bigint(20) UNSIGNED NOT NULL,
  `uuid` varchar(255) NOT NULL,
  `connection` text NOT NULL,
  `queue` text NOT NULL,
  `payload` longtext NOT NULL,
  `exception` longtext NOT NULL,
  `failed_at` timestamp NOT NULL DEFAULT current_timestamp()
) ENGINE=InnoDB DEFAULT CHARSET=utf8mb4 COLLATE=utf8mb4_unicode_ci;

-- --------------------------------------------------------

--
-- Cấu trúc bảng cho bảng `jobs`
--

CREATE TABLE `jobs` (
  `id` bigint(20) UNSIGNED NOT NULL,
  `queue` varchar(255) NOT NULL,
  `payload` longtext NOT NULL,
  `attempts` tinyint(3) UNSIGNED NOT NULL,
  `reserved_at` int(10) UNSIGNED DEFAULT NULL,
  `available_at` int(10) UNSIGNED NOT NULL,
  `created_at` int(10) UNSIGNED NOT NULL
) ENGINE=InnoDB DEFAULT CHARSET=utf8mb4 COLLATE=utf8mb4_unicode_ci;

-- --------------------------------------------------------

--
-- Cấu trúc bảng cho bảng `job_batches`
--

CREATE TABLE `job_batches` (
  `id` varchar(255) NOT NULL,
  `name` varchar(255) NOT NULL,
  `total_jobs` int(11) NOT NULL,
  `pending_jobs` int(11) NOT NULL,
  `failed_jobs` int(11) NOT NULL,
  `failed_job_ids` longtext NOT NULL,
  `options` mediumtext DEFAULT NULL,
  `cancelled_at` int(11) DEFAULT NULL,
  `created_at` int(11) NOT NULL,
  `finished_at` int(11) DEFAULT NULL
) ENGINE=InnoDB DEFAULT CHARSET=utf8mb4 COLLATE=utf8mb4_unicode_ci;

-- --------------------------------------------------------

--
-- Cấu trúc bảng cho bảng `loaisp`
--

CREATE TABLE `loaisp` (
  `id` bigint(20) UNSIGNED NOT NULL,
  `tenLoai` varchar(30) NOT NULL,
  `thuTu` int(11) NOT NULL DEFAULT 0,
  `anHien` tinyint(1) NOT NULL DEFAULT 1,
  `urlHinh` varchar(200) DEFAULT NULL,
  `created_at` timestamp NULL DEFAULT NULL,
  `updated_at` timestamp NULL DEFAULT NULL
) ENGINE=InnoDB DEFAULT CHARSET=utf8mb4 COLLATE=utf8mb4_unicode_ci;

--
-- Đang đổ dữ liệu cho bảng `loaisp`
--

INSERT INTO `loaisp` (`id`, `tenLoai`, `thuTu`, `anHien`, `urlHinh`, `created_at`, `updated_at`) VALUES
(1, 'Sam sung', 1, 1, NULL, NULL, NULL),
(2, 'HTC', 2, 1, NULL, NULL, NULL),
(3, 'Apple', 3, 1, NULL, NULL, NULL),
(4, 'LG', 4, 1, NULL, NULL, NULL),
(5, 'Motorola', 5, 1, NULL, NULL, NULL),
(6, 'Nobel', 6, 1, NULL, NULL, NULL);

-- --------------------------------------------------------

--
-- Cấu trúc bảng cho bảng `migrations`
--

CREATE TABLE `migrations` (
  `id` int(10) UNSIGNED NOT NULL,
  `migration` varchar(255) NOT NULL,
  `batch` int(11) NOT NULL
) ENGINE=InnoDB DEFAULT CHARSET=utf8mb4 COLLATE=utf8mb4_unicode_ci;

--
-- Đang đổ dữ liệu cho bảng `migrations`
--

INSERT INTO `migrations` (`id`, `migration`, `batch`) VALUES
(1, '0001_01_01_000000_create_users_table', 1),
(2, '0001_01_01_000001_create_cache_table', 1),
(3, '0001_01_01_000002_create_jobs_table', 1),
(4, '2025_03_26_152358_tao_table_dien_thoai', 1),
(5, '2025_03_26_152820_create_thanhvien_table', 2),
(6, '2025_03_26_152925_tao_table_loai_s_p', 3),
(7, '2025_03_26_153202_sua_table_dien_thoai', 4),
(8, '2025_03_26_153238_sua_table_dien_thoai', 4);

-- --------------------------------------------------------

--
-- Cấu trúc bảng cho bảng `password_reset_tokens`
--

CREATE TABLE `password_reset_tokens` (
  `email` varchar(255) NOT NULL,
  `token` varchar(255) NOT NULL,
  `created_at` timestamp NULL DEFAULT NULL
) ENGINE=InnoDB DEFAULT CHARSET=utf8mb4 COLLATE=utf8mb4_unicode_ci;

-- --------------------------------------------------------

--
-- Cấu trúc bảng cho bảng `sessions`
--

CREATE TABLE `sessions` (
  `id` varchar(255) NOT NULL,
  `user_id` bigint(20) UNSIGNED DEFAULT NULL,
  `ip_address` varchar(45) DEFAULT NULL,
  `user_agent` text DEFAULT NULL,
  `payload` longtext NOT NULL,
  `last_activity` int(11) NOT NULL
) ENGINE=InnoDB DEFAULT CHARSET=utf8mb4 COLLATE=utf8mb4_unicode_ci;

-- --------------------------------------------------------

--
-- Cấu trúc bảng cho bảng `thanhvien`
--

CREATE TABLE `thanhvien` (
  `id` bigint(20) UNSIGNED NOT NULL,
  `hoTen` varchar(100) NOT NULL,
  `password` varchar(100) NOT NULL,
  `email` varchar(200) NOT NULL,
  `randomkey` varchar(100) DEFAULT NULL,
  `active` tinyint(1) NOT NULL DEFAULT 0,
  `idGroup` int(11) NOT NULL DEFAULT 0,
  `created_at` timestamp NULL DEFAULT NULL,
  `updated_at` timestamp NULL DEFAULT NULL
) ENGINE=InnoDB DEFAULT CHARSET=utf8mb4 COLLATE=utf8mb4_unicode_ci;

--
-- Đang đổ dữ liệu cho bảng `thanhvien`
--

INSERT INTO `thanhvien` (`id`, `hoTen`, `password`, `email`, `randomkey`, `active`, `idGroup`, `created_at`, `updated_at`) VALUES
(1, 'Đức', '$2y$12$FpB2DxpgLvpTTci0lUhBx.LqKHudPBv2omJLGQzGXI2ami0S4xTa.', 'ImjDB@gmail.com', NULL, 0, 2, '2025-03-26 08:41:45', '2025-03-26 08:41:45'),
(2, 'Hoang', '$2y$12$2bUwBJDil2B.o1j8OLMtieX4RKP52K8sUVfaMb6vhnStR7U5QglQC', 'y8Lxy@gmail.com', NULL, 0, 3, '2025-03-26 08:41:45', '2025-03-26 08:41:45'),
(3, 'Kim', '$2y$12$XiPQfiByJZdOC5fIE5xj0.Tvy6OJDQkMoPI4iMp5BJO4yamg1cEP6', 'EQLhN@gmail.com', NULL, 0, 4, '2025-03-26 08:41:45', '2025-03-26 08:41:45'),
(4, 'Nguyen Le', '$2y$12$eDkYpFuIfpejWRIzqH1olOhrw85T4yiRi.9/8lbU7gN6PR4dSFFcm', 'RBfGM@gmail.com', NULL, 0, 4, '2025-03-28 08:41:46', '2025-03-28 08:41:46'),
(5, 'Hồ', '$2y$12$XIW3Vu4CI14VXYfsy3EyNurMTokSfF6cFfSkCVK4xzWRSwRePYzn2', 'Fi4sJ@gmail.com', NULL, 0, 1, '2025-03-26 08:41:46', '2025-03-26 08:41:46'),
(6, 'Phuong', '$2y$12$3k2QaQBXJlcfSfYxT4sysururalu8yvjqGnBeV1uPKAnX5zskYSRG', 'dDR8z@gmail.com', NULL, 0, 1, '2025-03-28 08:41:46', '2025-03-28 08:41:46'),
(7, 'Đỗ', '$2y$12$fjH9r81fZg6swtJ6OSippukgVf7KNQyOJ0w2xbJYBBdUTXYiMcNDm', 'lVcfs@gmail.com', NULL, 0, 3, '2025-03-27 08:41:46', '2025-03-27 08:41:46'),
(8, 'Hau', '$2y$12$buu90aDvB7mwVEtQUFeW4.ZQfxA8UIqH6ESuVet0xKuSVFhLiu02K', 'Ef1zI@gmail.com', NULL, 0, 4, '2025-03-27 08:41:46', '2025-03-27 08:41:46'),
(9, 'Phuong', '$2y$12$ySTHLgY560o1a35Ke00axe.QzEYE.t2hAkpIG5JC.xpmM276uX5l6', 'yU2jP@gmail.com', NULL, 0, 3, '2025-03-27 08:41:47', '2025-03-27 08:41:47'),
(10, 'Nguyen Le', '$2y$12$b3F045E6m9zzO3UE0UFT3ONTI/ZZ0f7B8qbE.EGimHVv1GsIPJ6hu', 'ylCzG@gmail.com', NULL, 0, 3, '2025-03-26 08:41:47', '2025-03-26 08:41:47'),
(11, 'Hồ', '$2y$12$gPqvipCs.hxR0wjpBKwd0OCgYxFuVXz2nwbkW1PkR6D33V7gd0soi', '9Csjq@gmail.com', NULL, 0, 2, '2025-03-28 08:41:47', '2025-03-28 08:41:47'),
(12, 'Hương', '$2y$12$RBYSV0l7nWwDIxm4zjN5A.nkAkn0Itj0ZuYF6R96qyC7cQWMRf4nu', 'EQXGM@gmail.com', NULL, 0, 4, '2025-03-26 08:41:47', '2025-03-26 08:41:47'),
(13, 'Kim', '$2y$12$qoMz2bukcyu6NfSGgZlY5.OsGLxGOD6YhjrpSlT5jvoETDVqxawqi', 'yR6KK@gmail.com', NULL, 0, 4, '2025-03-26 08:41:47', '2025-03-26 08:41:47'),
(14, 'Tam', '$2y$12$try9nl.f20hOZE1bZ55uKOC9OdPjWPwAmxS4ntPxPQKZ0amAjCTIq', '2h1xh@gmail.com', NULL, 0, 3, '2025-03-29 08:41:48', '2025-03-29 08:41:48'),
(15, 'Van', '$2y$12$disS7Z.Wk09uO.4XA5FxuOxsspG8.OBEzMeYSDSVxbYfd7QYuIaz.', 'BIQXx@gmail.com', NULL, 0, 4, '2025-03-27 08:41:48', '2025-03-27 08:41:48'),
(16, 'Ngọc', '$2y$12$JFzbbkGDYhmdWiubdsqc..9BfY0sifArZmm8ajuvZcWb6pCvetfk.', 'qRLs3@gmail.com', NULL, 0, 1, '2025-03-29 08:41:48', '2025-03-29 08:41:48'),
(17, 'Van', '$2y$12$pWG84UkTBPnHKWwVfEm7dOGy.mPPz/GgNAgcHJC9UrlTH74C1aZLq', 'cW5CR@gmail.com', NULL, 0, 2, '2025-03-26 08:41:48', '2025-03-26 08:41:48'),
(18, 'Tứ', '$2y$12$IdG7IUOHHovKI7P/onp7/.im0c2TNhQ26IcX7pL0LEbSx6TWMU6bS', 'ZHl1h@gmail.com', NULL, 0, 4, '2025-03-28 08:41:48', '2025-03-28 08:41:48'),
(19, 'Hồ', '$2y$12$8n5NbqLpAkTyRRY21yUfaet3K/ukhx1hZOrCXBkiOR.zK0SPaVoYa', 'Obt0e@gmail.com', NULL, 0, 5, '2025-03-26 08:41:49', '2025-03-26 08:41:49'),
(20, 'Hau', '$2y$12$vnE6nE7EV0RZIx7nogHxKeJbELBv2IK1x8gd3CdPNrFNgNq1YRMf6', 'jwAMf@gmail.com', NULL, 0, 4, '2025-03-29 08:41:49', '2025-03-29 08:41:49'),
(21, 'Võ', '$2y$12$kBJnMJUX/vSvhWPBcpk09ee24p/wqYX91GswkTord6X6xX9p5S6mC', 'tDhQG@gmail.com', NULL, 0, 3, '2025-03-28 08:41:49', '2025-03-28 08:41:49'),
(22, 'Tam', '$2y$12$jeFsizdPRWGLY6lU/KKxbeJ2YVb7kqq7eLCWaRuJXja/L/ol3Dpd6', 'SGIVK@gmail.com', NULL, 0, 3, '2025-03-27 08:41:49', '2025-03-27 08:41:49'),
(23, 'Võ', '$2y$12$yEEuX3uSNG.u4pF.xQQOiedhnhzq9xnvc6WUdTQdIK/0qF.MW0uvW', 'rjPzt@gmail.com', NULL, 0, 1, '2025-03-28 08:41:49', '2025-03-28 08:41:49'),
(24, 'Kim', '$2y$12$E2zzX7xsAUj5TT56H20PreE3QgNjpDqmkhGiYsiYaUKmd51pvY.tW', 'C682k@gmail.com', NULL, 0, 4, '2025-03-28 08:41:50', '2025-03-28 08:41:50'),
(25, 'Tứ', '$2y$12$j32dJgfRQt/x1YsWM7S/6.NI64X2Mh2MPwmFamIHO0U3yGUiGjmSq', 'wM7HC@gmail.com', NULL, 0, 4, '2025-03-29 08:41:50', '2025-03-29 08:41:50'),
(26, 'Tam', '$2y$12$0gieS3KD1PnsYiC97W71n.bSYowmLbsVQChIo7TmBuM8Kqtw5ESnW', 'x51UF@gmail.com', NULL, 0, 5, '2025-03-26 08:41:50', '2025-03-26 08:41:50'),
(27, 'Hau', '$2y$12$RRyB5IaIxMQolP0AeiIaneT3HqiY./UzCcBJedlEXhZfBDPMBti0y', 'XX9BI@gmail.com', NULL, 0, 5, '2025-03-26 08:41:50', '2025-03-26 08:41:50'),
(28, 'Hau', '$2y$12$cWrwvSrT9vsncoYTREqvLOchZ.lpQLBnO3LhznWA3PqUjHsNZKLgS', 'WnEpT@gmail.com', NULL, 0, 3, '2025-03-26 08:41:50', '2025-03-26 08:41:50'),
(29, 'Võ', '$2y$12$YGE3UlFEEyM73fMzu5uTV.Puo38cp53/ASk.L8Vw/cv7C8LsYJDSK', 'vDKdc@gmail.com', NULL, 0, 4, '2025-03-29 08:41:51', '2025-03-29 08:41:51'),
(30, 'Bùi', '$2y$12$50BIWKS2uWzvLGULcGL2HOKqc5RjB12UzCCuii6tjyA.D/uSnsm5i', 'IRaNA@gmail.com', NULL, 0, 1, '2025-03-26 08:41:51', '2025-03-26 08:41:51'),
(31, 'Van', '$2y$12$hfRuZNOMM1OkUIZ67966AOQT5AQamUcxx5aPnTjFinX/KmARchxQm', 'TZCd2@gmail.com', NULL, 0, 1, '2025-03-29 08:41:51', '2025-03-29 08:41:51'),
(32, 'Hương', '$2y$12$uGt2sT57Zqwkraq5gqSSu.DXqiSk0fE0L6lAyImXRI3xg38tSQqhi', 'sO0fW@gmail.com', NULL, 0, 4, '2025-03-26 08:41:51', '2025-03-26 08:41:51'),
(33, 'Tu', '$2y$12$EBp008Us5Z/C8iJ5ikCNVenBFfsvLsedOrJOoKHInf4ZYiynJ5DSa', 'UXxRA@gmail.com', NULL, 0, 3, '2025-03-28 08:41:51', '2025-03-28 08:41:51'),
(34, 'Kim', '$2y$12$ZWNsDfO0y7urSRqbJslQceMYjoeuKSZbaKIkQwE5ezYbzLXLgKSi6', '7MGDL@gmail.com', NULL, 0, 2, '2025-03-26 08:41:52', '2025-03-26 08:41:52'),
(35, 'Tam', '$2y$12$qZU5GJDOCzA52YG9wH9em.TImbFg90kTvq90TExUGaIhF5846dUDO', 'N5dzB@gmail.com', NULL, 0, 3, '2025-03-26 08:41:52', '2025-03-26 08:41:52'),
(36, 'Nguyen Le', '$2y$12$o6E4GflHgTJbcDs1NX7ha.niTjEaD5Y9Ebl.LXSpikuxMT7Q5mVsO', 'HBFsy@gmail.com', NULL, 0, 1, '2025-03-26 08:41:52', '2025-03-26 08:41:52'),
(37, 'Hương', '$2y$12$sP1SOd5324CYfC2yjoGRZ.8MvzVQV/csQTYEBzOMtkeTM53.GWtVG', 'p5eNo@gmail.com', NULL, 0, 2, '2025-03-27 08:41:52', '2025-03-27 08:41:52'),
(38, 'Hương', '$2y$12$QRPkE1FoedRx1RwM0kptdeCe8GQYH6bPZIorzr4X5z9m8e6ubjJma', 'Ebxwv@gmail.com', NULL, 0, 5, '2025-03-26 08:41:52', '2025-03-26 08:41:52'),
(39, 'Hương', '$2y$12$YYqbvEGwKSpiQRwApkJd2eAJe.IFpeOo5F/1tnQFt2M9pxOBDuWt.', '8Akxc@gmail.com', NULL, 0, 1, '2025-03-28 08:41:53', '2025-03-28 08:41:53'),
(40, 'Phan', '$2y$12$0WZDUDZhmUHnDcCIzQkyF.yLNhaNlOq6zFiam5OZaMY32pyWNmmw.', 'ge3GU@gmail.com', NULL, 0, 5, '2025-03-26 08:41:53', '2025-03-26 08:41:53'),
(41, 'Van', '$2y$12$amWhwp/c5GV5WIdhVse7Remh4ULScTm5kOBjtNjGKjQhSzHctGT4a', 'U2Wgq@gmail.com', NULL, 0, 1, '2025-03-29 08:41:53', '2025-03-29 08:41:53'),
(42, 'Đức', '$2y$12$M.orysDHVJlkGKI3wPzxL.oVlmzsbUgJcXpcqs2PEbmZt4igTAYF6', 'EmyWR@gmail.com', NULL, 0, 3, '2025-03-29 08:41:53', '2025-03-29 08:41:53'),
(43, 'Hoang', '$2y$12$3BVSm5vu09wNMCI92rjOIOPskfXFuERBiyTCJoIYf1Um9oaXtn2z6', 'S7fx6@gmail.com', NULL, 0, 3, '2025-03-27 08:41:53', '2025-03-27 08:41:53'),
(44, 'Nguyen Le', '$2y$12$Yd18VDsNy9L3edd4ggEvEebZpgjcL6yqAsj1aLT3jUu4z8IrEfkIa', 'onXt2@gmail.com', NULL, 0, 2, '2025-03-26 08:41:54', '2025-03-26 08:41:54'),
(45, 'Nguyen Le', '$2y$12$ec.CXu1Yv4cZoKNCInLxy.Rj8fLsM9uyzKz6cIAGnoFwUvaDuH7mK', '64Dq3@gmail.com', NULL, 0, 3, '2025-03-28 08:41:54', '2025-03-28 08:41:54'),
(46, 'Bùi', '$2y$12$Yxd1svjMjP0tMQ.dgq.DPOP58SeiY5RztKk7OaUs6ov8fuCVPGknq', 'f39UL@gmail.com', NULL, 0, 5, '2025-03-27 08:41:54', '2025-03-27 08:41:54'),
(47, 'Võ', '$2y$12$S0H6je8dMKelGR.hSEsHzebj3OY6SR2kur1JmVV8cbjWkkoRz7lRC', 'lcg4N@gmail.com', NULL, 0, 1, '2025-03-28 08:41:54', '2025-03-28 08:41:54'),
(48, 'Ngọc', '$2y$12$Noo4AlO0QmsLR2yj8xyNt.laAVeP6zTHQItrvuiMLmPiPzOsTFZCa', 'KH2Sy@gmail.com', NULL, 0, 1, '2025-03-27 08:41:54', '2025-03-27 08:41:54'),
(49, 'Thanh', '$2y$12$quMkLTplPLtvQ.I4VyI7TutGJjU0fBuHh/79oFLHebejXm.mEGxAa', 'XAwEy@gmail.com', NULL, 0, 3, '2025-03-26 08:41:55', '2025-03-26 08:41:55'),
(50, 'Thanh', '$2y$12$53KmZsOrhNLP8e9gpzP4GO5XHnXfn9O5a69cQZX36tDOcmXyh0vCe', 'FpR1t@gmail.com', NULL, 0, 4, '2025-03-29 08:41:55', '2025-03-29 08:41:55'),
(51, 'Van', '$2y$12$p4JAb.onhpKu6WEK4HFEB.Qrxa2FTs2eBTwohTRJRBrhj6MNylRci', 'eK8UI@gmail.com', NULL, 0, 2, '2025-03-28 08:41:55', '2025-03-28 08:41:55'),
(52, 'Đỗ', '$2y$12$CPDyuVWU65tPzheRAgNKqee4vfMs7JOH.aamlTtJ2.8d0XFSqyU0.', 'z3Vx1@gmail.com', NULL, 0, 3, '2025-03-26 08:41:55', '2025-03-26 08:41:55'),
(53, 'Đức', '$2y$12$atEfQPXY5iUU74MO5m8Y4Od5jU11bxhq1B9kS1td1/xG7BZzBpTFq', '0NHgb@gmail.com', NULL, 0, 5, '2025-03-26 08:41:55', '2025-03-26 08:41:55'),
(54, 'Tam', '$2y$12$HDvqhrravd3o/2MKBsL3FeTtfhopNe1vhDpajZ2M6.dydGXgMwoYO', 'xEPAk@gmail.com', NULL, 0, 1, '2025-03-27 08:41:56', '2025-03-27 08:41:56'),
(55, 'Van', '$2y$12$J4izjso5Q1b3GhlNpxDdn.Ki35x6c5/xWfw1BIlMVM88SRp9Jy/Uq', 'zfQUy@gmail.com', NULL, 0, 3, '2025-03-29 08:41:56', '2025-03-29 08:41:56'),
(56, 'Kim', '$2y$12$8F8BDuPFxwkHocfBGb24EeSf7DMeTiC.zNgAGkGm1JXy2EMp3cE5u', 'acIYB@gmail.com', NULL, 0, 1, '2025-03-27 08:41:56', '2025-03-27 08:41:56'),
(57, 'Tu', '$2y$12$hp/vzvkvw9Fz3nxLygD1OOiOzOA.YOCCJ7socjMQ0WqmY8B3TQbJ.', 's0XgE@gmail.com', NULL, 0, 5, '2025-03-26 08:41:56', '2025-03-26 08:41:56'),
(58, 'Bùi', '$2y$12$O87rMytLHArtUdR4vrXV7e8yl0jJscDMPL9FQt7NbHrT8Ab5YbbYS', 'ZRccA@gmail.com', NULL, 0, 1, '2025-03-27 08:41:56', '2025-03-27 08:41:56'),
(59, 'Ngọc', '$2y$12$Kj4aOVqgmYUJS1UKVtZhZODFT0yLADEUTU9coWZyl92DTmiK.8k4m', 'puUVV@gmail.com', NULL, 0, 4, '2025-03-27 08:41:57', '2025-03-27 08:41:57'),
(60, 'Ngọc', '$2y$12$ffeaBiL3lvWe3a4jY3R2t.Z3voP/xXa.JNKYVr32JWbPPawquptgC', '3yw9Q@gmail.com', NULL, 0, 4, '2025-03-26 08:41:57', '2025-03-26 08:41:57'),
(61, 'Tam', '$2y$12$ObY3Vak4GE97DX1RVcJTt.DGKSJRK3FFnswO9NGys.X4jRWwzZICm', 'kmyN5@gmail.com', NULL, 0, 5, '2025-03-28 08:41:57', '2025-03-28 08:41:57'),
(62, 'Đỗ', '$2y$12$udQ/RXO5yuEqnOI75.losOMRRimlXmo4wC36FxfW48mHA51yd6Bsa', '6Y61W@gmail.com', NULL, 0, 3, '2025-03-29 08:41:57', '2025-03-29 08:41:57'),
(63, 'Minh', '$2y$12$RxjczeJ/2yRpKJY2LbBUGu9qqENWieR9Kli0lkIcE2wvHXDvo5Gii', 'aDCSP@gmail.com', NULL, 0, 2, '2025-03-29 08:41:57', '2025-03-29 08:41:57'),
(64, 'Tu', '$2y$12$Op9rYl4AeL3S4k/QTrQMt.HnN9p9MMvpzRN7EgrmoZoPWUTbEm3c2', 'orybg@gmail.com', NULL, 0, 1, '2025-03-26 08:41:58', '2025-03-26 08:41:58'),
(65, 'Đỗ', '$2y$12$J2GdI9JOwSiYSt1eOGPvOuffpv/0TqhxUttUbrhTYLzxaiyZRJUIy', 'bUfi5@gmail.com', NULL, 0, 1, '2025-03-27 08:41:58', '2025-03-27 08:41:58'),
(66, 'Minh', '$2y$12$8ixDtZqfua/ZzZYjLAHJFOJobOi2wVH7.LOJ2k80YVjk9Q80zgrO.', 'Falpg@gmail.com', NULL, 0, 5, '2025-03-29 08:41:58', '2025-03-29 08:41:58'),
(67, 'Hương', '$2y$12$BoCNGEq5LFO7NGfsP3jAq.oHbQ.vQW098HA0iLnsZyCZXLL9Y3YmK', 'EQ9Mf@gmail.com', NULL, 0, 5, '2025-03-28 08:41:58', '2025-03-28 08:41:58'),
(68, 'Phuong', '$2y$12$.4FgenEbg4O83b.KQLtQw.xs/shTeKkIMHV.O1YvBN9BrqT7EBqTq', 'SPqJP@gmail.com', NULL, 0, 4, '2025-03-26 08:41:58', '2025-03-26 08:41:58'),
(69, 'Phuong', '$2y$12$nosqgQ73cu3GymjjLrn3euAsBSMNvvVeO/H0fpXxCVVlTHLffhqNS', '6uomg@gmail.com', NULL, 0, 5, '2025-03-27 08:41:59', '2025-03-27 08:41:59'),
(70, 'Ngọc', '$2y$12$qjS8CYa69jppaIHcLK.GMOcOxSzydHEy6pvDJ.omI1/Yanp1QF5r.', '9T0eq@gmail.com', NULL, 0, 1, '2025-03-28 08:41:59', '2025-03-28 08:41:59'),
(71, 'Bùi', '$2y$12$gxfGZwqpbdeIZog6sTN2U.63xPCq4u61gJSNeIATxwRxZleTA0rGS', 'YW0M9@gmail.com', NULL, 0, 1, '2025-03-28 08:41:59', '2025-03-28 08:41:59'),
(72, 'Hương', '$2y$12$MBfeVIbN8tPtfFgzHuVo2u0ZvCBLPi6uuRwmHNhyJvMZRk4MKY6fe', 'dNC4k@gmail.com', NULL, 0, 5, '2025-03-27 08:41:59', '2025-03-27 08:41:59'),
(73, 'Đỗ', '$2y$12$WLZbkgX3ey6pwyOq.Aaq6.cSvttedB1shTxDc4l4vmsEho7wdp8wy', 'ikvDe@gmail.com', NULL, 0, 4, '2025-03-26 08:41:59', '2025-03-26 08:41:59'),
(74, 'Hồ', '$2y$12$.kbT5NsWDeIRjXRZMUMuC.hlBHRztu8YvIbuAoXymBAPBiX3HYS9W', 'xyXbj@gmail.com', NULL, 0, 4, '2025-03-28 08:42:00', '2025-03-28 08:42:00'),
(75, 'Minh', '$2y$12$Deb3/AyzUL5VrbQEszptOuUMr8N.HkenCqyDE4GOoPR786cAUWR9G', 'IS5TB@gmail.com', NULL, 0, 2, '2025-03-27 08:42:00', '2025-03-27 08:42:00'),
(76, 'Phuong', '$2y$12$xWbPMkF1AuoMHzrnb7L8HuO4djn5nkbjbMiDYa3zpgWy4fi6Rpbda', 'aJSL6@gmail.com', NULL, 0, 1, '2025-03-28 08:42:00', '2025-03-28 08:42:00'),
(77, 'Hoang', '$2y$12$rYaMYoMYujvjrGJsV13vMum68IeV8ErKSYTR1Oq/pSa9Cjkd1bVfm', 'UeP9s@gmail.com', NULL, 0, 3, '2025-03-29 08:42:00', '2025-03-29 08:42:00'),
(78, 'Hồ', '$2y$12$B5qLWJvgrXkXF4Ye3ZJGDuTP2nOBKYaH2gSKGOibtLCbeu0vGHclG', 'vNI6c@gmail.com', NULL, 0, 3, '2025-03-29 08:42:00', '2025-03-29 08:42:00'),
(79, 'Bùi', '$2y$12$mFZTSYE00a1yn8X3CIZZb.rxGudDzzAJ0Odxqc0vb9IwF.EuvmXn.', 'BDPTj@gmail.com', NULL, 0, 4, '2025-03-26 08:42:01', '2025-03-26 08:42:01'),
(80, 'Hồ', '$2y$12$8ijkkCw5OOVUSbVZCnRT8uF3uNnDCTaXSAfykP389oQ2gALNo0uRe', '085jw@gmail.com', NULL, 0, 4, '2025-03-28 08:42:01', '2025-03-28 08:42:01'),
(81, 'Phuong', '$2y$12$dax91sHxDErvtpXcVgM2z.n3o09Tf2VROBbgTiB8Gfurz/w7pjzmy', '6YSes@gmail.com', NULL, 0, 5, '2025-03-29 08:42:01', '2025-03-29 08:42:01'),
(82, 'Võ', '$2y$12$7Kp2ohcmg85GTlBIVysxGuIrCZGo9Vrtra9RIM28WCtcS/geYEHVm', 'DybxU@gmail.com', NULL, 0, 2, '2025-03-28 08:42:01', '2025-03-28 08:42:01'),
(83, 'Van', '$2y$12$R6Sh0Z/uONYGVTQOCkjnLO1RcHvlHHelOGQu2rR1uqll3YWSByC0O', '6UC3w@gmail.com', NULL, 0, 4, '2025-03-29 08:42:01', '2025-03-29 08:42:01'),
(84, 'Hương', '$2y$12$qYRo9GY230Ae/2gu1Icpwumn.4wLK4/XTwnbQxeHi4d3lLN3HmaRe', 'y7mBH@gmail.com', NULL, 0, 1, '2025-03-28 08:42:02', '2025-03-28 08:42:02'),
(85, 'Van', '$2y$12$itUlo3E8XiZ0zDk5zdgRG.Wq6IXhV7Xt3YwjHSZN51OoGK9/O62ua', 'VaDqt@gmail.com', NULL, 0, 4, '2025-03-28 08:42:02', '2025-03-28 08:42:02'),
(86, 'Kim', '$2y$12$JxiTzkLsVw1IG0eNPbIMD.Hrg3iHPfPUfgr740mkLAtJrbNrTDyCi', 'IUa1T@gmail.com', NULL, 0, 5, '2025-03-29 08:42:02', '2025-03-29 08:42:02'),
(87, 'Ngọc', '$2y$12$15AheJL.kr14WH7wFS6m2.0xm9AR8OWA/4tVu/lLlmpgBLuzIdg1O', 'qmpTs@gmail.com', NULL, 0, 3, '2025-03-27 08:42:02', '2025-03-27 08:42:02'),
(88, 'Hồ', '$2y$12$2nxbPSgUbpMyr0cMk9nmoegZX3T7fsuQSErWjNrWU1MRqpoyd7UQ6', 'j5PBT@gmail.com', NULL, 0, 4, '2025-03-28 08:42:02', '2025-03-28 08:42:02'),
(89, 'Hồ', '$2y$12$S8wRthnWeAglR58VR/jCiebBLm8yaK/Ltg7abBN7bsXVtpKq7Ycmi', 'ItF1b@gmail.com', NULL, 0, 4, '2025-03-27 08:42:03', '2025-03-27 08:42:03'),
(90, 'Van', '$2y$12$bI2sa7Xf6P79D7n7iXPI0.gd.57U.8iNRyWzgGfTnqCt8NhMRUtIq', 'NFGAZ@gmail.com', NULL, 0, 5, '2025-03-29 08:42:03', '2025-03-29 08:42:03'),
(91, 'Ngọc', '$2y$12$4n2zwipYoDpqgFnZZUn9DOZ/3PXfPK3EiCSR0rwJtqkv9.CqePXZ.', 'X7AsR@gmail.com', NULL, 0, 3, '2025-03-27 08:42:03', '2025-03-27 08:42:03'),
(92, 'Minh', '$2y$12$diM44YTuBK6QB365qlawHuoyCUF6vaOvEBMzaJo2dHBDy5HDZD0ZC', '9UU0q@gmail.com', NULL, 0, 4, '2025-03-29 08:42:03', '2025-03-29 08:42:03'),
(93, 'Thanh', '$2y$12$S/eP/hmA0O6UvCaHOiVRlusMISRc6Yk3wjpUhS6zEe3xRToruasGq', 'pDHO4@gmail.com', NULL, 0, 1, '2025-03-28 08:42:03', '2025-03-28 08:42:03'),
(94, 'Phuong', '$2y$12$1l7xMi5XSKSypulgvO/DlOLnx9Dn2O37HlHNuvRjobD5Mr8YrNy8.', 'pvMYH@gmail.com', NULL, 0, 5, '2025-03-26 08:42:03', '2025-03-26 08:42:03'),
(95, 'Hau', '$2y$12$GtMsYrbr6/ob1ffiTXxGkujEy5.VnTwsLezLwFNxd0GVNku7hwf8G', 'FNvC5@gmail.com', NULL, 0, 1, '2025-03-28 08:42:04', '2025-03-28 08:42:04'),
(96, 'Tam', '$2y$12$bggGXc46jR1ZW7zTfsMjeuYX3eoKxCm5jIwc/0i6x0YGkZUBUA40e', '1eSGT@gmail.com', NULL, 0, 2, '2025-03-29 08:42:04', '2025-03-29 08:42:04'),
(97, 'Van', '$2y$12$wbMVN4dw7DK7CJ2K3YrHEOgP25/xcfo.4tPxPQ6DDqR8cR9wZmwhi', '8h0GD@gmail.com', NULL, 0, 2, '2025-03-26 08:42:04', '2025-03-26 08:42:04'),
(98, 'Nguyen Le', '$2y$12$QYkSn3WaoDqrJSDCWE5Hse5GO3QvOv.LD.56jax0b0SrQrSWJi6Pq', 'JXIXF@gmail.com', NULL, 0, 2, '2025-03-28 08:42:04', '2025-03-28 08:42:04'),
(99, 'Nguyen Le', '$2y$12$DQJGunTTCmdMxbuLr.vGH.i8O2oupl0nUoYzVO88H..K64AWkrcoW', 'OjrHC@gmail.com', NULL, 0, 1, '2025-03-27 08:42:04', '2025-03-27 08:42:04'),
(100, 'Hau', '$2y$12$/w442OFbvO7yceX3kF.i..uXncusWCo2SNsRmnfE8zssCFPzWzT6S', 'sQp2s@gmail.com', NULL, 0, 4, '2025-03-29 08:42:05', '2025-03-29 08:42:05');

-- --------------------------------------------------------

--
-- Cấu trúc bảng cho bảng `users`
--

CREATE TABLE `users` (
  `id` bigint(20) UNSIGNED NOT NULL,
  `name` varchar(255) NOT NULL,
  `email` varchar(255) NOT NULL,
  `email_verified_at` timestamp NULL DEFAULT NULL,
  `password` varchar(255) NOT NULL,
  `remember_token` varchar(100) DEFAULT NULL,
  `created_at` timestamp NULL DEFAULT NULL,
  `updated_at` timestamp NULL DEFAULT NULL
) ENGINE=InnoDB DEFAULT CHARSET=utf8mb4 COLLATE=utf8mb4_unicode_ci;

--
-- Chỉ mục cho các bảng đã đổ
--

--
-- Chỉ mục cho bảng `cache`
--
ALTER TABLE `cache`
  ADD PRIMARY KEY (`key`);

--
-- Chỉ mục cho bảng `cache_locks`
--
ALTER TABLE `cache_locks`
  ADD PRIMARY KEY (`key`);

--
-- Chỉ mục cho bảng `dienthoai`
--
ALTER TABLE `dienthoai`
  ADD PRIMARY KEY (`id`),
  ADD KEY `dienthoai_idloai_foreign` (`idLoai`);

--
-- Chỉ mục cho bảng `failed_jobs`
--
ALTER TABLE `failed_jobs`
  ADD PRIMARY KEY (`id`),
  ADD UNIQUE KEY `failed_jobs_uuid_unique` (`uuid`);

--
-- Chỉ mục cho bảng `jobs`
--
ALTER TABLE `jobs`
  ADD PRIMARY KEY (`id`),
  ADD KEY `jobs_queue_index` (`queue`);

--
-- Chỉ mục cho bảng `job_batches`
--
ALTER TABLE `job_batches`
  ADD PRIMARY KEY (`id`);

--
-- Chỉ mục cho bảng `loaisp`
--
ALTER TABLE `loaisp`
  ADD PRIMARY KEY (`id`),
  ADD UNIQUE KEY `loaisp_tenloai_unique` (`tenLoai`);

--
-- Chỉ mục cho bảng `migrations`
--
ALTER TABLE `migrations`
  ADD PRIMARY KEY (`id`);

--
-- Chỉ mục cho bảng `password_reset_tokens`
--
ALTER TABLE `password_reset_tokens`
  ADD PRIMARY KEY (`email`);

--
-- Chỉ mục cho bảng `sessions`
--
ALTER TABLE `sessions`
  ADD PRIMARY KEY (`id`),
  ADD KEY `sessions_user_id_index` (`user_id`),
  ADD KEY `sessions_last_activity_index` (`last_activity`);

--
-- Chỉ mục cho bảng `thanhvien`
--
ALTER TABLE `thanhvien`
  ADD PRIMARY KEY (`id`);

--
-- Chỉ mục cho bảng `users`
--
ALTER TABLE `users`
  ADD PRIMARY KEY (`id`),
  ADD UNIQUE KEY `users_email_unique` (`email`);

--
-- AUTO_INCREMENT cho các bảng đã đổ
--

--
-- AUTO_INCREMENT cho bảng `dienthoai`
--
ALTER TABLE `dienthoai`
  MODIFY `id` bigint(20) UNSIGNED NOT NULL AUTO_INCREMENT, AUTO_INCREMENT=301;

--
-- AUTO_INCREMENT cho bảng `failed_jobs`
--
ALTER TABLE `failed_jobs`
  MODIFY `id` bigint(20) UNSIGNED NOT NULL AUTO_INCREMENT;

--
-- AUTO_INCREMENT cho bảng `jobs`
--
ALTER TABLE `jobs`
  MODIFY `id` bigint(20) UNSIGNED NOT NULL AUTO_INCREMENT;

--
-- AUTO_INCREMENT cho bảng `loaisp`
--
ALTER TABLE `loaisp`
  MODIFY `id` bigint(20) UNSIGNED NOT NULL AUTO_INCREMENT, AUTO_INCREMENT=7;

--
-- AUTO_INCREMENT cho bảng `migrations`
--
ALTER TABLE `migrations`
  MODIFY `id` int(10) UNSIGNED NOT NULL AUTO_INCREMENT, AUTO_INCREMENT=9;

--
-- AUTO_INCREMENT cho bảng `thanhvien`
--
ALTER TABLE `thanhvien`
  MODIFY `id` bigint(20) UNSIGNED NOT NULL AUTO_INCREMENT, AUTO_INCREMENT=101;

--
-- AUTO_INCREMENT cho bảng `users`
--
ALTER TABLE `users`
  MODIFY `id` bigint(20) UNSIGNED NOT NULL AUTO_INCREMENT;

--
-- Các ràng buộc cho các bảng đã đổ
--

--
-- Các ràng buộc cho bảng `dienthoai`
--
ALTER TABLE `dienthoai`
  ADD CONSTRAINT `dienthoai_idloai_foreign` FOREIGN KEY (`idLoai`) REFERENCES `loaisp` (`id`);
COMMIT;

/*!40101 SET CHARACTER_SET_CLIENT=@OLD_CHARACTER_SET_CLIENT */;
/*!40101 SET CHARACTER_SET_RESULTS=@OLD_CHARACTER_SET_RESULTS */;
/*!40101 SET COLLATION_CONNECTION=@OLD_COLLATION_CONNECTION */;
